voter_type,country,voter_name,vote_first,vote_second,vote_third
Captain,Albania,Agolli Ansi,Cristiano Ronaldo,Messi Lionel,Griezmann Antoine
Captain,American Samoa,Ott Ramin,Neymar,Cristiano Ronaldo,Messi Lionel
Captain,Andorra,Lima Ildefons,Messi Lionel,Neymar,Cristiano Ronaldo
Captain,Angola,Cardoso Dario,Cristiano Ronaldo,Messi Lionel,Sánchez Alexis
Captain,Antigua and Barbuda,Joshua  Parker,Iniesta Andrés,Cristiano Ronaldo,Neymar
Captain,Argentina,Messi Lionel,Suárez Luis,Neymar,Iniesta Andrés
Captain,Armenia,Mkhitaryan Henrikh,Cristiano Ronaldo,Messi Lionel,Griezmann Antoine
Captain,Aruba,Abdul David,Messi Lionel,Cristiano Ronaldo,Griezmann Antoine
Captain,Australia,Jedinak Mile,Messi Lionel,Cristiano Ronaldo,Bale Gareth
Captain,Austria,Baumgartlinger Julian,Kroos Toni,Cristiano Ronaldo,Messi Lionel
Captain,Azerbaijan,Sadigov Rashad,Cristiano Ronaldo,Messi Lionel,Griezmann Antoine
Captain,Bahamas,St. Fleur Lesly,Messi Lionel,Neymar,Lewandowski Robert
Captain,Bahrain,Mahfoodh Mohamed,Cristiano Ronaldo,Bale Gareth,Messi Lionel
Captain,Belgium,Hazard Eden,Cristiano Ronaldo,Messi Lionel,Griezmann Antoine
Captain,Bermuda,Lambe Reginald,Messi Lionel,Suárez Luis,Özil Mesut
Captain,Bosnia and Herzegovina,Džeko Edin,Cristiano Ronaldo,Messi Lionel,Suárez Luis
Captain,Botswana,Mogorosi Joel,Cristiano Ronaldo,Neymar,Mahrez Riyad
Captain,Brazil,Alves Da Silva Daniel,Messi Lionel,Neymar,Suárez Luis
Captain,British Virgin Islands,Ceasar Troy,Cristiano Ronaldo,Messi Lionel,Neymar
Captain,Bulgaria,Dyakov Svetoslav,Buffon Gianluigi,Cristiano Ronaldo,Messi Lionel
Captain,Burundi,Duhayindavyi Gael,Cristiano Ronaldo,Griezmann Antoine,Messi Lionel
Captain,Cambodia,Um Sereirath,Cristiano Ronaldo,Messi Lionel,Neymar
Captain,Cameroon,Moukandjo Benjamin,Messi Lionel,Cristiano Ronaldo,Neymar
Captain,Canada,De Guzman Julian,Cristiano Ronaldo,Messi Lionel,Suárez Luis
Captain,Cape Verde Islands,Soares  Marco,Cristiano Ronaldo,Messi Lionel,Neymar
Captain,Chad,Doumnan Herman,Cristiano Ronaldo,Griezmann Antoine,Mahrez Riyad
Captain,China PR,Zheng Zhi,Messi Lionel,Cristiano Ronaldo,Buffon Gianluigi
Captain,Chinese Taipei,Chen Yi-Wei,Messi Lionel,Buffon Gianluigi,Ibrahimovic Zlatan
Captain,Colombia,Rodriguez James,Cristiano Ronaldo,Modric Luka,Bale Gareth
Captain,Congo,Oniangue Prince,Cristiano Ronaldo,Neymar,Griezmann Antoine
Captain,Cook Islands,Jake  Stuart,Cristiano Ronaldo,Messi Lionel,Suárez Luis
Captain,Costa Rica,Ruiz Bryan,Messi Lionel,Cristiano Ronaldo,Suárez Luis
VoteCountryNameFirst (5 points)Second (3 points)Third (1 point),,,,,
Captain,Croatia,Modric Luka,Cristiano Ronaldo,Messi Lionel,Bale Gareth
Captain,Cuba,Reyes Azcuy Maykel,Cristiano Ronaldo,Messi Lionel,Neymar
Captain,Curaçao,Martina Rhu-Endly,Messi Lionel,Lewandowski Robert,Özil Mesut
Captain,Cyprus,Charalambides Constantinos,Cristiano Ronaldo,Messi Lionel,Griezmann Antoine
Captain,Czech Republic,Sivok Tomáš,Cristiano Ronaldo,Messi Lionel,Suárez Luis
Captain,Denmark,Kjær Simon,Cristiano Ronaldo,Messi Lionel,Griezmann Antoine
Captain,Djibouti,Mohamed Kadar Ahmed,Messi Lionel,Cristiano Ronaldo,Neymar
Captain,Dominica,Prince Glenson,Cristiano Ronaldo,Messi Lionel,Bale Gareth
Captain,Dominican Republic,Faña Jonathan,Cristiano Ronaldo,Messi Lionel,Suárez Luis
Captain,Egypt,El Hadary Essam,Messi Lionel,Cristiano Ronaldo,Iniesta Andrés
Captain,England,Rooney Wayne,Cristiano Ronaldo,Suárez Luis,Vardy Jamie
Captain,Estonia,Klavan Ragnar,Messi Lionel,Cristiano Ronaldo,Griezmann Antoine
Captain,Faroe Islands,Gregersen Atli,Cristiano Ronaldo,Messi Lionel,Bale Gareth
Captain,Finland,Moisander Niklas,Messi Lionel,Cristiano Ronaldo,Suárez Luis
Captain,France,Lloris Hugo,Griezmann Antoine,Messi Lionel,Cristiano Ronaldo
Captain,FYR Macedonia,Pandev  Goran,Cristiano Ronaldo,Messi Lionel,Griezmann Antoine
Captain,Gabon,Aubameyang Pierre-Emerick,Neymar,Cristiano Ronaldo,Messi Lionel
Captain,Gambia,Colley Omar,Cristiano Ronaldo,Neymar,Messi Lionel
Captain,Georgia,Kankava Jaba,Griezmann Antoine,Messi Lionel,Cristiano Ronaldo
Captain,Germany,Neuer Manuel,Kroos Toni,Özil Mesut,Lewandowski Robert
Captain,Ghana,Asamoah Gyan,Cristiano Ronaldo,Messi Lionel,Neymar
Captain,Gibraltar,Chipolina Roy,Cristiano Ronaldo,Messi Lionel,Suárez Luis
Captain,Greece,Torosidis Vasileios,Messi Lionel,Cristiano Ronaldo,Griezmann Antoine
Captain,Grenada,Rennie Jake,Bale Gareth,Cristiano Ronaldo,Neymar
Captain,Guam,Cunliffe Jason,Cristiano Ronaldo,Messi Lionel,Neymar
Captain,Guinea,Camara Fode,Cristiano Ronaldo,Messi Lionel,Griezmann Antoine
Captain,Guinea-Bissau,Ca Bocundji,Cristiano Ronaldo,Messi Lionel,Griezmann Antoine
Captain,Honduras,Figueroa  Maynor,Cristiano Ronaldo,Griezmann Antoine,Suárez Luis
Captain,Hong Kong,Yapp Hung Fai,Cristiano Ronaldo,Messi Lionel,Griezmann Antoine
Captain,Hungary,Dzsudzsák Balázs,Cristiano Ronaldo,Messi Lionel,Neymar
Captain,Iceland,Gunnarsson Aron Einar,Cristiano Ronaldo,Suárez Luis,Griezmann Antoine
Captain,India,Chhetri Sunil,Cristiano Ronaldo,Messi Lionel,Griezmann Antoine
VoteCountryNameFirst (5 points)Second (3 points)Third (1 point),,,,,
Captain,Israel,Zahavi Eran,Cristiano Ronaldo,Messi Lionel,Suárez Luis
Captain,Italy,Buffon Gianluigi,Messi Lionel,Bale Gareth,Cristiano Ronaldo
Captain,Jamaica,Blake Andre,Messi Lionel,Cristiano Ronaldo,Suárez Luis
Captain,Japan,Hasebe Makoto,Suárez Luis,Griezmann Antoine,Messi Lionel
Captain,Jordan,Shafi  Amer,Buffon Gianluigi,Messi Lionel,Cristiano Ronaldo
Captain,Kazakhstan,Islamkhan Baurzhan,Iniesta Andrés,Messi Lionel,Cristiano Ronaldo
Captain,Kenya,Mugabe Victor,Cristiano Ronaldo,Messi Lionel,Griezmann Antoine
Captain,Korea DPR,Ri Myong Guk,Messi Lionel,Cristiano Ronaldo,Neymar
Captain,Korea Republic,Sungyueng Ki,Messi Lionel,Cristiano Ronaldo,Griezmann Antoine
Captain,Kosovo,Ujkani Samir,Cristiano Ronaldo,Neymar,Messi Lionel
Captain,Kyrgyzstan,Shamshiev Islam,Cristiano Ronaldo,Messi Lionel,Suárez Luis
Captain,Laos,Souliyavong Paseuthsack,Cristiano Ronaldo,Neymar,Messi Lionel
Captain,Latvia,Gorkšs Kaspars,Cristiano Ronaldo,Griezmann Antoine,Buffon Gianluigi
Captain,Lebanon,Maatouk Hassan,Cristiano Ronaldo,Messi Lionel,Lewandowski Robert
Captain,Liberia,Dennis Teah,Cristiano Ronaldo,Ramos Sergio,Messi Lionel
Captain,Liechtenstein,Jehle Peter,Cristiano Ronaldo,Messi Lionel,Griezmann Antoine
Captain,Lithuania,Cernych Fedor,Cristiano Ronaldo,Griezmann Antoine,Messi Lionel
Captain,Luxembourg,Mutsch Mario,Cristiano Ronaldo,Kroos Toni,Griezmann Antoine
Captain,Macau,Cheang Cheng Ieong Paulo,Neymar,Cristiano Ronaldo,Kroos Toni
Captain,Madagascar,Andriatsima Faneva,Cristiano Ronaldo,Suárez Luis,Messi Lionel
Captain,Malaysia,Yahyah Mohd Amri,Cristiano Ronaldo,Özil Mesut,Vardy Jamie
Captain,Maldives,Ashfaq Ali,Cristiano Ronaldo,Messi Lionel,Suárez Luis
Captain,Malta,Mifsud Michael,Iniesta Andrés,Neymar,Sánchez Alexis
Captain,Mauritania,Guidileye Dialo,Cristiano Ronaldo,Messi Lionel,Neymar
Captain,Mauritius,Langue Jean Anderson Adel Bruano,Messi Lionel,Kanté N'Golo,Cristiano Ronaldo
Captain,Mexico,Marquez Rafael,Messi Lionel,Griezmann Antoine,Suárez Luis
Captain,Moldova,Epureanu Alexandru,Cristiano Ronaldo,Messi Lionel,Griezmann Antoine
Captain,Mongolia,Daginaa Turbat,Suárez Luis,Pogba Paul,Cristiano Ronaldo
Captain,Montenegro,Jovetic Stevan,Messi Lionel,Neymar,Cristiano Ronaldo
Captain,Montserrat,Griffith Anthony,Suárez Luis,Bale Gareth,Griezmann Antoine
Captain,Morocco,Benatia  Mehdi,Buffon Gianluigi,Cristiano Ronaldo,Neymar
Captain,Mozambique,Pelembe Elias,Cristiano Ronaldo,Messi Lionel,Agüero Sergio
VoteCountryNameFirst (5 points)Second (3 points)Third (1 point),,,,,
Captain,Namibia,Ketjijere Ronald,Messi Lionel,Cristiano Ronaldo,Iniesta Andrés
Captain,Nepal,Gurung Anil,Cristiano Ronaldo,Neymar,Messi Lionel
Captain,Netherlands,Robben Arjen,Cristiano Ronaldo,Kroos Toni,Lewandowski Robert
Captain,New Caledonia,Kai Bertrand,Messi Lionel,Neymar,Lewandowski Robert
Captain,New Zealand,Wood Chris,De Bruyne Kevin,Messi Lionel,Griezmann Antoine
Captain,Nigeria,Mikel John Obi,Cristiano Ronaldo,Griezmann Antoine,Neuer Manuel
Captain,Northern Ireland,Davis Steven,Messi Lionel,Cristiano Ronaldo,Griezmann Antoine
Captain,Norway,Skjelbred Per Ciljan,Messi Lionel,Cristiano Ronaldo,Ibrahimovic Zlatan
Captain,Oman,Muqbali Abdulaziz,Messi Lionel,Cristiano Ronaldo,Bale Gareth
Captain,Pakistan,Hussain Saddam,Cristiano Ronaldo,Messi Lionel,Bale Gareth
Captain,Palestine,Bahdari Abdellatef,Mahrez Riyad,Cristiano Ronaldo,Messi Lionel
Captain,Panama,Torres Roman,Messi Lionel,Cristiano Ronaldo,Neymar
Captain,Papua New Guinea,Muta David,Messi Lionel,Suárez Luis,Iniesta Andrés
Captain,Paraguay,Da Silva Barrios Paulo,Cristiano Ronaldo,Neymar,Messi Lionel
Captain,Peru,Guerrero Gonzales Jose Paolo,Messi Lionel,Cristiano Ronaldo,De Bruyne Kevin
Captain,Philippines,Younghusband Phil,Messi Lionel,Neymar,Suárez Luis
Captain,Poland,Lewandowski Robert,Neuer Manuel,Bale Gareth,Cristiano Ronaldo
Captain,Portugal,Ronaldo Cristiano,Bale Gareth,Modric Luka,Ramos Sergio
Captain,Puerto Rico,Cabrero Gómez Andrés Nicolás,Ramos Sergio,Griezmann Antoine,Vardy Jamie
Captain,Qatar,Al Haydos Hasan Kahlid,Messi Lionel,Bale Gareth,Griezmann Antoine
Captain,Republic of Ireland,Coleman Seamus,Cristiano Ronaldo,Messi Lionel,Suárez Luis
Captain,Romania,Dragos  Grigore,Messi Lionel,Cristiano Ronaldo,Ramos Sergio
Captain,Russia,Akinfeev Igor,Messi Lionel,Cristiano Ronaldo,Bale Gareth
Captain,Rwanda,Haruna  Niyonzima,Cristiano Ronaldo,Messi Lionel,Sánchez Alexis
Captain,Samoa,Desmond  Faaiuaso,Messi Lionel,Neymar,Cristiano Ronaldo
Captain,San Marino,Matteo Vitaioli,Cristiano Ronaldo,Buffon Gianluigi,Messi Lionel
Captain,São Tomé e Príncipe,Sousa Pontes Joazhifel,Cristiano Ronaldo,Messi Lionel,Neymar
Captain,Saudi Arabia,Hawsawi  Osama,Cristiano Ronaldo,Neymar,Messi Lionel
Captain,Scotland,Fletcher Darren,Cristiano Ronaldo,Suárez Luis,Messi Lionel
Captain,Senegal,Kouyate Cheikhou,Cristiano Ronaldo,Messi Lionel,Griezmann Antoine
Captain,Serbia,Branislav  Ivanovic,Cristiano Ronaldo,Messi Lionel,Neymar
Captain,Singapore,Ishak Shahril,Cristiano Ronaldo,Messi Lionel,Özil Mesut
VoteCountryNameFirst (5 points)Second (3 points)Third (1 point),,,,,
Captain,Slovenia,Cesar Boštjan,Cristiano Ronaldo,Griezmann Antoine,Ramos Sergio
Captain,Somalia,Ali Hassan,Buffon Gianluigi,Iniesta Andrés,Neuer Manuel
Captain,Spain,Ramos García Sergio,Cristiano Ronaldo,Messi Lionel,Iniesta Andrés
Captain,Sri Lanka,Perera Sujan,Messi Lionel,Cristiano Ronaldo,Neymar
Captain,St. Kitts and Nevis,Harris Atiba,Messi Lionel,Pogba Paul,Cristiano Ronaldo
Captain,Sudan,Salim Akram Alhadi,Cristiano Ronaldo,Messi Lionel,Griezmann Antoine
Captain,Suriname,Eind Gilberto,Cristiano Ronaldo,Messi Lionel,Griezmann Antoine
Captain,Sweden,Granqvist Andreas,Ibrahimovic Zlatan,Cristiano Ronaldo,Bale Gareth
Captain,Switzerland,Lichtsteiner Stephan,Cristiano Ronaldo,Messi Lionel,Ibrahimovic Zlatan
Captain,Syria,Al Saleh  Ahmad,Messi Lionel,Suárez Luis,Cristiano Ronaldo
Captain,Tahiti,Tehau  Alvin,Messi Lionel,Neymar,Cristiano Ronaldo
Captain,Tajikistan,Davronov Nuriddin,Cristiano Ronaldo,Ibrahimovic Zlatan,Kroos Toni
Captain,Tanzania,Samatta Mbwana Ally,Messi Lionel,Cristiano Ronaldo,Neymar
Captain,Thailand,Bunmathan Theerathon,Cristiano Ronaldo,Messi Lionel,Suárez Luis
Captain,Togo,Adebayor Sheyi,Cristiano Ronaldo,Mahrez Riyad,Messi Lionel
Captain,Turkey,Turan Arda,Messi Lionel,Neymar,Iniesta Andrés
Captain,Turkmenistan,Amanov Arslanmyrat,Messi Lionel,Cristiano Ronaldo,Pogba Paul
Captain,Turks and Caicos Islands,Forbes Billy,Vardy Jamie,Cristiano Ronaldo,Messi Lionel
Captain,Uganda,Massa Geofrey,Cristiano Ronaldo,Messi Lionel,Neuer Manuel
Captain,Ukraine,Kucher Olexandr,Cristiano Ronaldo,Messi Lionel,Buffon Gianluigi
Captain,Uruguay,Diego Godin,Suárez Luis,Griezmann Antoine,Iniesta Andrés
Captain,USA,Bradley Michael,Cristiano Ronaldo,Messi Lionel,Griezmann Antoine
Captain,Uzbekistan,Akhmedov  Odil,Messi Lionel,Cristiano Ronaldo,Griezmann Antoine
Captain,Venezuela,Rincon Tomas,Cristiano Ronaldo,Messi Lionel,Neymar
Captain,Vietnam,Le Cong Vinh,Cristiano Ronaldo,Messi Lionel,Bale Gareth
Captain,Wales,Williams Ashley,Bale Gareth,Messi Lionel,Lewandowski Robert
Captain,Zambia,Kalaba Rainford,Cristiano Ronaldo,Messi Lionel,Neymar
Coach,Albania,De Biasi Giovanni,Buffon Gianluigi,Cristiano Ronaldo,Messi Lionel
Coach,American Samoa,Mana'O Larry,Sánchez Alexis,Lewandowski Robert,Neymar
Coach,Andorra,Alvarez De Eulate Jesus Luís,Messi Lionel,Griezmann Antoine,Bale Gareth
Coach,Angola,Kilamba José,Messi Lionel,Cristiano Ronaldo,Bale Gareth
Coach,Antigua and Barbuda,Williams Rolston,Cristiano Ronaldo,Neymar,Pogba Paul
VoteCountryNameFirst (5 points)Second (3 points)Third (1 point),,,,,
Coach,Armenia,Petrosyan Artur,Neymar,Cristiano Ronaldo,Messi Lionel
Coach,Aruba,Coolen Rini,Messi Lionel,Cristiano Ronaldo,Lewandowski Robert
Coach,Australia,Postecoglou Ange,Cristiano Ronaldo,Griezmann Antoine,Sánchez Alexis
Coach,Austria,Koller Marcel,Cristiano Ronaldo,Bale Gareth,Griezmann Antoine
Coach,Azerbaijan,Prosinecki Robert,Messi Lionel,Cristiano Ronaldo,Griezmann Antoine
Coach,Bahamas,Godet Dion,Messi Lionel,Cristiano Ronaldo,Vardy Jamie
Coach,Bahrain,Soukup Miroslav,Messi Lionel,Cristiano Ronaldo,Griezmann Antoine
Coach,Belgium,Martinez Roberto,Cristiano Ronaldo,Messi Lionel,Neymar
Coach,Bermuda,Bascome Andrew,Neymar,Cristiano Ronaldo,Suárez Luis
Coach,Bosnia and Herzegovina,Baždarevic Mehmed,Cristiano Ronaldo,Griezmann Antoine,Messi Lionel
Coach,Botswana,Butler Peter,Cristiano Ronaldo,Messi Lionel,Vardy Jamie
Coach,Brazil,Bachi Adenor Leonardo,Cristiano Ronaldo,Neymar,Griezmann Antoine
Coach,British Virgin Islands,Williams  Avondale,Messi Lionel,,Pogba Paul
Coach,Bulgaria,Houbtchev Petar,Messi Lionel,Cristiano Ronaldo,Griezmann Antoine
Coach,Burundi,Niyungeko Alain Olivier,Messi Lionel,Cristiano Ronaldo,Neymar
Coach,Cambodia,Lee Taehoon,Messi Lionel,Lewandowski Robert,Sánchez Alexis
Coach,Cameroon,Hugo Broos,Messi Lionel,Griezmann Antoine,Cristiano Ronaldo
Coach,Canada,Findlay Michael,Cristiano Ronaldo,Messi Lionel,Lewandowski Robert
Coach,Chad,Mahamat Oumar  Yaya,Cristiano Ronaldo,Messi Lionel,Neymar
Coach,Chile,Pizzi Juan Antonio,Sánchez Alexis,,
Coach,China PR,Lippi Marcello,Cristiano Ronaldo,Griezmann Antoine,Buffon Gianluigi
Coach,Chinese Taipei,Kuroda Kazuo,Vardy Jamie,Kanté N'Golo,Cristiano Ronaldo
Coach,Colombia,Pekerman José,Messi Lionel,Suárez Luis,Sánchez Alexis
Coach,Congo,Tchangana Gaston (Dtn),Cristiano Ronaldo,Neymar,Griezmann Antoine
Coach,Cook Islands,Brom Jess,Cristiano Ronaldo,Messi Lionel,Ibrahimovic Zlatan
Coach,Costa Rica,Ramirez Oscar,Iniesta Andrés,Modric Luka,Sánchez Alexis
Coach,Côte d'Ivoire,Dussuyer Michel,Cristiano Ronaldo,Messi Lionel,Griezmann Antoine
Coach,Croatia,Cacic Ante,Cristiano Ronaldo,Messi Lionel,Modric Luka
Coach,Cuba,Mederos Sosa Raul,Messi Lionel,Cristiano Ronaldo,Neymar
Coach,Curaçao,Bicentini Remko,Messi Lionel,Griezmann Antoine,Suárez Luis
Coach,Cyprus,Christoforou Christakis,Cristiano Ronaldo,Bale Gareth,Buffon Gianluigi
Coach,Czech Republic,Jarolím Karel,Messi Lionel,Cristiano Ronaldo,Bale Gareth
VoteCountryNameFirst (5 points)Second (3 points)Third (1 point),,,,,
Coach,Djibouti,Ali Affasseh Abdourahman,Messi Lionel,Cristiano Ronaldo,Neymar
Coach,Dominica,Sabin Ellington,Cristiano Ronaldo,Messi Lionel,Bale Gareth
Coach,Dominican Republic,Díaz Bernabé Roberto,Messi Lionel,Iniesta Andrés,Griezmann Antoine
Coach,Egypt,Cúper Héctor,Messi Lionel,Cristiano Ronaldo,Iniesta Andrés
Coach,El Salvador,Lara Eduardo,Cristiano Ronaldo,Messi Lionel,Kroos Toni
Coach,England,Southgate Gareth,Cristiano Ronaldo,Griezmann Antoine,Kanté N'Golo
Coach,Estonia,Reim Martin,Cristiano Ronaldo,Messi Lionel,Griezmann Antoine
Coach,Faroe Islands,Olsen Lars,Cristiano Ronaldo,Messi Lionel,Suárez Luis
Coach,Fiji,Dutt Yogendra,Cristiano Ronaldo,Neymar,Vardy Jamie
Coach,Finland,Backe Hans,Cristiano Ronaldo,Messi Lionel,Bale Gareth
Coach,France,Deschamps Didier,Griezmann Antoine,Cristiano Ronaldo,Messi Lionel
Coach,FYR Macedonia,Angelovski  Igor,Cristiano Ronaldo,Messi Lionel,Griezmann Antoine
Coach,Gambia,Ndong Sang,Cristiano Ronaldo,Mahrez Riyad,Messi Lionel
Coach,Georgia,Weiss Vladimír,Messi Lionel,Cristiano Ronaldo,Bale Gareth
Coach,Germany,Löw Joachim,Kroos Toni,Özil Mesut,Neuer Manuel
Coach,Ghana,Grant Abraham,Neymar,Messi Lionel,Cristiano Ronaldo
Coach,Gibraltar,Wood Jeff,Griezmann Antoine,Cristiano Ronaldo,Bale Gareth
Coach,Greece,Skibbe Michael,Cristiano Ronaldo,Griezmann Antoine,Kroos Toni
Coach,Grenada,N|A N|A,Griezmann Antoine,Cristiano Ronaldo,Kanté N'Golo
Coach,Guam,Darren Sawatzky,Messi Lionel,Cristiano Ronaldo,Ibrahimovic Zlatan
Coach,Guinea,Bangoura Mohamed Kanfory,Cristiano Ronaldo,Griezmann Antoine,Messi Lionel
Coach,Guinea-Bissau,Cande Baciro,Cristiano Ronaldo,Messi Lionel,Griezmann Antoine
Coach,Haiti,Neveu Patrice,Cristiano Ronaldo,Neymar,Neuer Manuel
Coach,Honduras,Pinto Afanador Jorge Luis,Suárez Luis,Messi Lionel,Modric Luka
Coach,Hong Kong,Kim Pangon,Cristiano Ronaldo,Messi Lionel,Bale Gareth
Coach,Hungary,Storck Bernd,Cristiano Ronaldo,Kroos Toni,Messi Lionel
Coach,Iceland,Hallgrimsson Heimir,Suárez Luis,Cristiano Ronaldo,Griezmann Antoine
Coach,India,Stephen Phillip Constantine,Bale Gareth,Lewandowski Robert,Suárez Luis
Coach,Iran,Queiroz Carlos,Messi Lionel,Cristiano Ronaldo,Suárez Luis
Coach,Israel,Levi Elisha,Cristiano Ronaldo,Griezmann Antoine,Messi Lionel
Coach,Italy,Ventura Giampiero,Buffon Gianluigi,Neuer Manuel,Cristiano Ronaldo
Coach,Jamaica,Whitmore Theodore,Messi Lionel,Neymar,Vardy Jamie
VoteCountryNameFirst (5 points)Second (3 points)Third (1 point),,,,,
Coach,Jordan,Gelling  Stuart,Suárez Luis,De Bruyne Kevin,Vardy Jamie
Coach,Kazakhstan,Baisufinov Talgat,Messi Lionel,Cristiano Ronaldo,Buffon Gianluigi
Coach,Kenya,Okumbi Stanley,Messi Lionel,Cristiano Ronaldo,Griezmann Antoine
Coach,Korea DPR,Andersen Joern,Messi Lionel,Cristiano Ronaldo,Suárez Luis
Coach,Korea Republic,Ulrich Otto Stielike,Bale Gareth,Griezmann Antoine,Cristiano Ronaldo
Coach,Kosovo,Bunjaki Albert,Cristiano Ronaldo,Messi Lionel,Griezmann Antoine
Coach,Kyrgyzstan,Krestinin Alexander,Özil Mesut,Cristiano Ronaldo,Messi Lionel
Coach,Laos,Phomphakdy Valakone,Griezmann Antoine,Özil Mesut,Neymar
Coach,Latvia,Pahars Marians,Cristiano Ronaldo,Messi Lionel,Griezmann Antoine
Coach,Lebanon,Radulovic Miodrag,Cristiano Ronaldo,Messi Lionel,Modric Luka
Coach,Liberia,Debbah James Salinsa,Cristiano Ronaldo,Ramos Sergio,Messi Lionel
Coach,Liechtenstein,Pauritsch René,Cristiano Ronaldo,Neymar,Messi Lionel
Coach,Lithuania,Jankauskas Edgaras,Cristiano Ronaldo,Messi Lionel,Bale Gareth
Coach,Luxembourg,Holtz Luc,Messi Lionel,Cristiano Ronaldo,Suárez Luis
Coach,Macau,Tam Iao San,Cristiano Ronaldo,Messi Lionel,Bale Gareth
Coach,Madagascar,Raux Auguste,Messi Lionel,Cristiano Ronaldo,Neymar
Coach,Malaysia,Kim Swee Ong,Cristiano Ronaldo,Messi Lionel,Özil Mesut
Coach,Maldives,Stewart Darren Raymond,Bale Gareth,Cristiano Ronaldo,Messi Lionel
Coach,Malta,Ghedin Pietro,Buffon Gianluigi,Iniesta Andrés,Messi Lionel
Coach,Mauritania,Martins Corentin,Cristiano Ronaldo,Messi Lionel,Griezmann Antoine
Coach,Mauritius,Tshupula Kande Joe Hubert,Cristiano Ronaldo,Suárez Luis,Ramos Sergio
Coach,Mexico,Osorio Juan Carlos,Cristiano Ronaldo,Sánchez Alexis,Messi Lionel
Coach,Moldova,Dobrovolskiy Igor,Griezmann Antoine,Lewandowski Robert,Neymar
Coach,Mongolia,Zorigt Battulga,Griezmann Antoine,Cristiano Ronaldo,Pogba Paul
Coach,Montenegro,Tumbakovic Ljubiša,Messi Lionel,Griezmann Antoine,Neymar
Coach,Montserrat,Mendes Junior,Bale Gareth,De Bruyne Kevin,Vardy Jamie
Coach,Morocco,Renard Hervé,Neymar,Kanté N'Golo,Cristiano Ronaldo
Coach,Mozambique,Xavier Abel,Cristiano Ronaldo,Messi Lionel,De Bruyne Kevin
Coach,Myanmar,Zeise Gerd Friedrich Horst,Messi Lionel,Kroos Toni,Lewandowski Robert
Coach,Namibia,Mannetti Ricardo,Cristiano Ronaldo,Messi Lionel,Griezmann Antoine
Coach,Nepal,Gyotoku Koji,Messi Lionel,Bale Gareth,Pogba Paul
Coach,Netherlands,Blind Danny,Cristiano Ronaldo,Kroos Toni,Griezmann Antoine
VoteCountryNameFirst (5 points)Second (3 points)Third (1 point),,,,,
Coach,New Zealand,Hudson Anthony,Cristiano Ronaldo,Griezmann Antoine,Payet Dimitri
Coach,Nigeria,Rohr Gernot,Griezmann Antoine,Messi Lionel,Neuer Manuel
Coach,Northern Ireland,O'Neill Michael,Cristiano Ronaldo,Messi Lionel,Griezmann Antoine
Coach,Norway,Høgmo Per-Mathias,Cristiano Ronaldo,Messi Lionel,Neuer Manuel
Coach,Oman,Lopez Caro Juan Ramon,Messi Lionel,Iniesta Andrés,Lewandowski Robert
Coach,Pakistan,Mehmood Sajjad,Cristiano Ronaldo,Messi Lionel,Neymar
Coach,Palestine,Barakat Abdel Nasser,Mahrez Riyad,Cristiano Ronaldo,Messi Lionel
Coach,Panama,Gomez Hernan Dario,Messi Lionel,Iniesta Andrés,Lewandowski Robert
Coach,Papua New Guinea,Serritslev Flemming,Messi Lionel,Cristiano Ronaldo,Neuer Manuel
Coach,Paraguay,Arce Rolón Francisco,Messi Lionel,Cristiano Ronaldo,Iniesta Andrés
Coach,Peru,Gareca Nardi Ricardo,Messi Lionel,Suárez Luis,Cristiano Ronaldo
Coach,Philippines,Dooley Thomas,Kroos Toni,Neuer Manuel,Cristiano Ronaldo
Coach,Poland,Nawalka Adam,Lewandowski Robert,Griezmann Antoine,Neuer Manuel
Coach,Portugal,Santos Fernando,Cristiano Ronaldo,Bale Gareth,Griezmann Antoine
Coach,Puerto Rico,García Cantarero Carlos,Griezmann Antoine,Bale Gareth,Messi Lionel
Coach,Qatar,Fossati Lurachi Jorge Daniel,Mahrez Riyad,Cristiano Ronaldo,Ramos Sergio
Coach,Republic of Ireland,O'Neill Martin,Bale Gareth,Buffon Gianluigi,Kanté N'Golo
Coach,Romania,Christoph  Daum,Kroos Toni,Neuer Manuel,Özil Mesut
Coach,Russia,Cherchesov Stanislav,Cristiano Ronaldo,Messi Lionel,Buffon Gianluigi
Coach,Rwanda,Jimmy  Mulisa,Cristiano Ronaldo,Griezmann Antoine,Mahrez Riyad
Coach,Samoa,Easthope Scott,Sánchez Alexis,Pogba Paul,Payet Dimitri
Coach,San Marino,Pierangelo Manzaroli,Buffon Gianluigi,Cristiano Ronaldo,Bale Gareth
Coach,São Tomé e Príncipe,Rosário António,Cristiano Ronaldo,Messi Lionel,Neymar
Coach,Saudi Arabia,Van Marwijk Lambertus,Messi Lionel,Cristiano Ronaldo,Neymar
Coach,Scotland,Strachan Gordon,Messi Lionel,Suárez Luis,Agüero Sergio
Coach,Senegal,Cisse Aliou,Cristiano Ronaldo,Messi Lionel,Griezmann Antoine
Coach,Serbia,Muslin Slavoljub,Messi Lionel,Griezmann Antoine,Kanté N'Golo
Coach,Singapore,Moorthy Sundram,Cristiano Ronaldo,Messi Lionel,Bale Gareth
Coach,Slovakia,Kozak Jan,Cristiano Ronaldo,Messi Lionel,Bale Gareth
Coach,Slovenia,Katanec Srečko,Messi Lionel,Cristiano Ronaldo,Bale Gareth
Coach,Somalia,Abdulle Mohamed,Cristiano Ronaldo,Messi Lionel,Mahrez Riyad
Coach,Spain,Lopetegui Agote Julen,Messi Lionel,Cristiano Ronaldo,Ramos Sergio
VoteCountryNameFirst (5 points)Second (3 points)Third (1 point),,,,,
Coach,St. Kitts and Nevis,Hazel Jeffrey,Messi Lionel,Cristiano Ronaldo,Neuer Manuel
Coach,Sudan,Magzoub Mohamed Abdalla Ahmed,Cristiano Ronaldo,Messi Lionel,Griezmann Antoine
Coach,Suriname,Godeken Roberto,Griezmann Antoine,Messi Lionel,Cristiano Ronaldo
Coach,Sweden,Andersson Jan,Ibrahimovic Zlatan,Messi Lionel,Cristiano Ronaldo
Coach,Switzerland,Petkovic Vladimir,Cristiano Ronaldo,Buffon Gianluigi,Lewandowski Robert
Coach,Syria,Al Hakeem Ayman,Messi Lionel,Cristiano Ronaldo,De Bruyne Kevin
Coach,Tahiti,Graugnard Ludovic,Messi Lionel,Neymar,Griezmann Antoine
Coach,Tajikistan,Fuzaylov Khakim,Cristiano Ronaldo,Griezmann Antoine,Messi Lionel
Coach,Tanzania,Mkwasa Charles,Cristiano Ronaldo,Messi Lionel,Kroos Toni
Coach,Thailand,Senamuang Kiatisuk,Cristiano Ronaldo,Neymar,Sánchez Alexis
Coach,Togo,Le Roy Claude,Cristiano Ronaldo,Griezmann Antoine,Mahrez Riyad
Coach,Trinidad and Tobago,Hart Stephen,Cristiano Ronaldo,Messi Lionel,Sánchez Alexis
Coach,Turkey,Terim Fatih,Messi Lionel,Modric Luka,Özil Mesut
Coach,Turkmenistan,Kochumov  Amangylych,Cristiano Ronaldo,Messi Lionel,Griezmann Antoine
Coach,Turks and Caicos Islands,Smith Oliver,Vardy Jamie,Cristiano Ronaldo,Messi Lionel
Coach,Uganda,Sredojevic  Milutin,Cristiano Ronaldo,Messi Lionel,Suárez Luis
Coach,Ukraine,Shevchenko Andrii,Cristiano Ronaldo,Messi Lionel,Griezmann Antoine
Coach,Uruguay,Oscar Tabarez,Suárez Luis,Messi Lionel,Cristiano Ronaldo
Coach,USA,Arena Bruce,Cristiano Ronaldo,Griezmann Antoine,Messi Lionel
Coach,Uzbekistan,Babayan Samvel,Messi Lionel,Kroos Toni,Griezmann Antoine
Coach,Venezuela,Dudamel Rafael,Messi Lionel,Cristiano Ronaldo,Neymar
Coach,Vietnam,Nguyen Huu Thang,Cristiano Ronaldo,Messi Lionel,Griezmann Antoine
Coach,Wales,Coleman Christopher,Bale Gareth,Sánchez Alexis,Vardy Jamie
Coach,Zambia,Nyirenda Wedson,Messi Lionel,Neymar,Bale Gareth
Coach,Zimbabwe,Pasuwa Kalisto,Messi Lionel,Cristiano Ronaldo,Neuer Manuel
Media,Albania,Bejzade Dhurata,Messi Lionel,Neuer Manuel,Cristiano Ronaldo
Media,Algeria,Saad Mohamed,Mahrez Riyad,Messi Lionel,Griezmann Antoine
Media,Andorra,Duaso  Victor,Messi Lionel,Suárez Luis,Neymar
Media,Angola,Quiala Geraldo,Cristiano Ronaldo,Messi Lionel,Neymar
Media,Antigua and Barbuda,Neto Baptiste,Cristiano Ronaldo,Modric Luka,Messi Lionel
Media,Argentina,Macaya Márquez Enrique,Messi Lionel,Suárez Luis,Cristiano Ronaldo
Media,Armenia,Gasparyan Robert,Cristiano Ronaldo,Buffon Gianluigi,Messi Lionel
VoteCountryNameFirst (5 points)Second (3 points)Third (1 point),,,,,
Media,Australia,Larkin Steve,Messi Lionel,Neymar,Cristiano Ronaldo
Media,Austria,Prohaska Herbert,Cristiano Ronaldo,Messi Lionel,Bale Gareth
Media,Bahamas,Smith Randy,Neymar,Cristiano Ronaldo,Agüero Sergio
Media,Bahrain,Ashoor Abdullah,Cristiano Ronaldo,Neymar,Mahrez Riyad
Media,Bangladesh,Mahamud Raihan,Cristiano Ronaldo,Messi Lionel,Neymar
Media,Barbados,Pile Kevin,Cristiano Ronaldo,Vardy Jamie,Neymar
Media,Belgium,Terreur Kristof,Cristiano Ronaldo,Messi Lionel,Griezmann Antoine
Media,Belize,Cantillano Fredy,Messi Lionel,Neymar,Suárez Luis
Media,Brazil,Coelho Paulo Vinicius,Cristiano Ronaldo,Messi Lionel,Neymar
Media,Burkina Faso,Hien Victorien,Cristiano Ronaldo,Neymar,Griezmann Antoine
Media,Cambodia,Chamroeun Ung,Cristiano Ronaldo,Mahrez Riyad,Griezmann Antoine
Media,Cameroon,Samnick Emmanuel Gustave,Cristiano Ronaldo,Buffon Gianluigi,Bale Gareth
Media,Canada,Davidson Neil,Cristiano Ronaldo,Messi Lionel,Suárez Luis
Media,Cape Verde Islands,Amaral André,Cristiano Ronaldo,Bale Gareth,Pogba Paul
Media,Chad,Hissein Atti Alifa,Cristiano Ronaldo,Neymar,Griezmann Antoine
Media,Chile,Diaz Danilo,Cristiano Ronaldo,Messi Lionel,Sánchez Alexis
Media,Colombia,Rueda Diego,Messi Lionel,Suárez Luis,Neymar
Media,Congo DR,Kabulo François,Cristiano Ronaldo,Griezmann Antoine,Messi Lionel
Media,Cook Islands,Kumar Rashneel,Cristiano Ronaldo,Messi Lionel,Suárez Luis
Media,Costa Rica,Goldberg David,Cristiano Ronaldo,Neymar,Messi Lionel
Media,Côte d'Ivoire,Gnae Oulidehi Magloire,Cristiano Ronaldo,Messi Lionel,Griezmann Antoine
Media,Cuba,Cancio Yasiel,Mahrez Riyad,Messi Lionel,Cristiano Ronaldo
Media,Denmark,Olsen Allan,Cristiano Ronaldo,Griezmann Antoine,Neymar
Media,Djibouti,Mohamed Kenadid,Cristiano Ronaldo,Griezmann Antoine,Bale Gareth
Media,Dominican Republic,Bauger Jorge Rolando,Cristiano Ronaldo,Messi Lionel,Suárez Luis
Media,Ecuador,Rosales Cox Tito,Cristiano Ronaldo,Messi Lionel,Neymar
Media,Egypt,Gamil Hany Danial,Cristiano Ronaldo,Mahrez Riyad,Neymar
Media,El Salvador,Campos Madrid Gabriel,Cristiano Ronaldo,Suárez Luis,Messi Lionel
Media,England,Rumsby Ben,Cristiano Ronaldo,Messi Lionel,Kanté N'Golo
Media,Equitorial Guinea,Essiane Fabien,Cristiano Ronaldo,Neymar,Messi Lionel
Media,Eritrea,Seium Michael,Cristiano Ronaldo,Sánchez Alexis,Mahrez Riyad
Media,Ethiopia,Abdulkeni Hussen,Cristiano Ronaldo,Griezmann Antoine,Suárez Luis
VoteCountryNameFirst (5 points)Second (3 points)Third (1 point),,,,,
Media,Fiji,Singh Indra,Cristiano Ronaldo,Messi Lionel,Özil Mesut
Media,France,Resseguie Jean,Cristiano Ronaldo,Griezmann Antoine,Messi Lionel
Media,FYR Macedonia,Durgutov Mijalce,Buffon Gianluigi,Modric Luka,Messi Lionel
Media,Gambia,Camara Baboucar,Cristiano Ronaldo,Mahrez Riyad,Suárez Luis
Media,Georgia,Potskhveria Zurab,Cristiano Ronaldo,Griezmann Antoine,Messi Lionel
Media,Germany,Neumann Claudia,Cristiano Ronaldo,Griezmann Antoine,Kroos Toni
Media,Gibraltar,Ignacio Stephen,Lewandowski Robert,Cristiano Ronaldo,Messi Lionel
Media,Greece,Kotsis Nikolaos,Cristiano Ronaldo,Griezmann Antoine,Messi Lionel
Media,Grenada,Bascombe Michael,Agüero Sergio,Neymar,De Bruyne Kevin
Media,Guatemala,Solares Lucho,Cristiano Ronaldo,Messi Lionel,Sánchez Alexis
Media,Guinea-Bissau,Ucha Etiandro,Cristiano Ronaldo,Griezmann Antoine,Messi Lionel
Media,Haiti,Leon Lutherson,Cristiano Ronaldo,Griezmann Antoine,Messi Lionel
Media,Hungary,Szeli Mátyás,Cristiano Ronaldo,Suárez Luis,Griezmann Antoine
Media,Iceland,Sigurdsson Vidir,Messi Lionel,Cristiano Ronaldo,Suárez Luis
Media,India,Sarkar Dhiman,Cristiano Ronaldo,Messi Lionel,Neymar
Media,Indonesia,Widakdo Gatot,Bale Gareth,Cristiano Ronaldo,Griezmann Antoine
Media,Iran,Chia Foadi,Cristiano Ronaldo,Messi Lionel,Griezmann Antoine
Media,Israel,Dagon  Uri,Messi Lionel,Cristiano Ronaldo,Suárez Luis
Media,Italy,Licari Fabio,Cristiano Ronaldo,Griezmann Antoine,Neymar
Media,Japan,Tsuchiya Kentaro,Cristiano Ronaldo,Griezmann Antoine,Bale Gareth
Media,Kazakhstan,Tulegenov Geniy,Cristiano Ronaldo,Griezmann Antoine,Messi Lionel
Media,Kenya,Toskin Robin,Cristiano Ronaldo,Mahrez Riyad,Messi Lionel
Media,Korea Republic,Yoo Jeeho,Cristiano Ronaldo,Neymar,Messi Lionel
Media,Kosovo,Konuschevci Valon,Cristiano Ronaldo,Messi Lionel,Griezmann Antoine
Media,Kuwait,Adnad Yousif,Cristiano Ronaldo,Messi Lionel,Suárez Luis
Media,Latvia,Koscinkevic Ilvars,Messi Lionel,Cristiano Ronaldo,Griezmann Antoine
Media,Lesotho,Kabi Pascalina,Pogba Paul,Neymar,Messi Lionel
Media,Liechtenstein,Hasler Ernst,Griezmann Antoine,Bale Gareth,Cristiano Ronaldo
Media,Lithuania,Mindaugas Augustis,Cristiano Ronaldo,Messi Lionel,Bale Gareth
Media,Luxembourg,Lahure Petz Antoine,Cristiano Ronaldo,Messi Lionel,Suárez Luis
Media,Macau,Maia Pedro,Cristiano Ronaldo,Griezmann Antoine,Messi Lionel
Media,Malawi,Kanjere Peter,Messi Lionel,Cristiano Ronaldo,Griezmann Antoine
VoteCountryNameFirst (5 points)Second (3 points)Third (1 point),,,,,
Media,Mali,Diakite Boubacar,Cristiano Ronaldo,Lewandowski Robert,Griezmann Antoine
Media,Malta,Moore Jesmond,Cristiano Ronaldo,Messi Lionel,Suárez Luis
Media,Mauritania,Brahim Sow,Griezmann Antoine,Cristiano Ronaldo,Mahrez Riyad
Media,Mauritius,Azmaal Hydoo,Cristiano Ronaldo,Griezmann Antoine,Messi Lionel
Media,Mexico,Blancas Avalos Ricardo Amado,Suárez Luis,Cristiano Ronaldo,Griezmann Antoine
Media,Moldova,Goihman  Miron,Griezmann Antoine,Cristiano Ronaldo,Bale Gareth
Media,Nepal,Rijal Ritesh,Messi Lionel,Cristiano Ronaldo,Bale Gareth
Media,Netherlands,De Groot Jaap,Cristiano Ronaldo,Neymar,Griezmann Antoine
Media,New Caledonia,Cambefort Yoann,Griezmann Antoine,Payet Dimitri,Cristiano Ronaldo
Media,New Zealand,Burgess Michael,Griezmann Antoine,Bale Gareth,Mahrez Riyad
Media,Niger,Ganoua Mohamed Silimane,Cristiano Ronaldo,Messi Lionel,Griezmann Antoine
Media,Oman,Purohit Ashok,Cristiano Ronaldo,Messi Lionel,Vardy Jamie
Media,Paraguay,Cazenave Gabriel,Griezmann Antoine,Messi Lionel,Cristiano Ronaldo
Media,Peru,Canelo Quispe Pedro Eduardo,Messi Lionel,Cristiano Ronaldo,Griezmann Antoine
Media,Philippines,Fenix Ryan,Cristiano Ronaldo,Messi Lionel,Griezmann Antoine
Media,Poland,Pol Michal,Cristiano Ronaldo,Messi Lionel,Lewandowski Robert
Media,Portugal,Serpa Vitor,Cristiano Ronaldo,Griezmann Antoine,Messi Lionel
Media,Puerto Rico,Pagan  Esteban,Messi Lionel,Cristiano Ronaldo,Griezmann Antoine
Media,Qatar,Anil John,Messi Lionel,Cristiano Ronaldo,Neymar
Media,Republic of Ireland,Quinn  Philip,Cristiano Ronaldo,Messi Lionel,Neymar
Media,Romania,Gafiuc Justin Paul,Cristiano Ronaldo,Messi Lionel,Bale Gareth
Media,Russia,Stognienko Vladimir,Cristiano Ronaldo,Bale Gareth,Buffon Gianluigi
Media,San Marino,Gorini Elia,Buffon Gianluigi,Cristiano Ronaldo,Bale Gareth
Media,São Tomé e Príncipe,Barros Manuel,Messi Lionel,Neymar,Iniesta Andrés
Media,Saudi Arabia,Al Muhawas Sultan,Messi Lionel,Neymar,Özil Mesut
Media,Scotland,Castles Duncan,Cristiano Ronaldo,Suárez Luis,Neuer Manuel
Media,Senegal,Ndiaye Babacar Dit Khalifa,Cristiano Ronaldo,Messi Lionel,Mahrez Riyad
Media,Serbia,Rasevic Milan,Cristiano Ronaldo,Messi Lionel,Sánchez Alexis
Media,Sierra Leone,Sahr Morris Jr,Cristiano Ronaldo,Griezmann Antoine,Mahrez Riyad
Media,Slovakia,Zeman Michal,Cristiano Ronaldo,Messi Lionel,Griezmann Antoine
Media,Slovenia,Sabadin Denis,Cristiano Ronaldo,Neuer Manuel,Pogba Paul
Media,Somalia,Guurre Gamadiid,Messi Lionel,Neymar,Suárez Luis
VoteCountryNameFirst (5 points)Second (3 points)Third (1 point),,,,,
Media,Spain,Torres Diego,Messi Lionel,Griezmann Antoine,Iniesta Andrés
Media,St. Lucia,Finisterre Terry,Cristiano Ronaldo,Messi Lionel,Sánchez Alexis
Media,Sudan,Awadalla Mohammed Al-Khatim,Cristiano Ronaldo,Mahrez Riyad,Griezmann Antoine
Media,Suriname,Romeo Desney,Cristiano Ronaldo,Bale Gareth,Messi Lionel
Media,Swaziland,Dlamini Kenneth,Griezmann Antoine,Neymar,Bale Gareth
Media,Sweden,Bank Simon,Cristiano Ronaldo,Messi Lionel,Griezmann Antoine
Media,Switzerland,Clalüna  Flurin,Griezmann Antoine,Cristiano Ronaldo,Bale Gareth
Media,Syria,Abou Shameh Louay,Cristiano Ronaldo,Griezmann Antoine,Bale Gareth
Media,Tajikistan,Soliev Faridun,Cristiano Ronaldo,Messi Lionel,Griezmann Antoine
Media,Thailand,Chittinand Tor,Messi Lionel,Bale Gareth,Griezmann Antoine
Media,Togo,Ayena Mathias,Cristiano Ronaldo,Bale Gareth,Payet Dimitri
Media,Turkey,Arslan Mehmet,Cristiano Ronaldo,De Bruyne Kevin,Buffon Gianluigi
Media,Turkmenistan,Vershinin Alexander,Messi Lionel,Suárez Luis,Neymar
Media,Turks and Caicos Islands,Deo Faizool,Neymar,Cristiano Ronaldo,Messi Lionel
Media,Uganda,Kaweesi Fred,Cristiano Ronaldo,Griezmann Antoine,Kanté N'Golo
Media,Uruguay,Bernardoni Muller Didier,Suárez Luis,Griezmann Antoine,Iniesta Andrés
Media,USA,Bell Arch,Suárez Luis,Bale Gareth,Messi Lionel
Media,Vanuatu,Nase Raymond,Vardy Jamie,Cristiano Ronaldo,Neuer Manuel
Media,Venezuela,Perozo Suárez Humberto,Messi Lionel,Suárez Luis,Neymar
Media,Vietnam,Nguyen Minh Viet,Cristiano Ronaldo,Griezmann Antoine,Messi Lionel
Media,Wales,Abbandonato Paul,Bale Gareth,Cristiano Ronaldo,Griezmann Antoine
Media,Zambia,Chipepo Elias,Cristiano Ronaldo,Messi Lionel,Suárez Luis
