away_goals,opponent,home_goals,home_or_away,opponent_goals,hungary_goals,outcome,date,match_type
1,Austria,4,H,1,4,W,1907-11-03,Friendly
3,Czech Republic,5,A,5,3,L,1907-10-06,Friendly
2,Czech Republic,5,H,2,5,W,1907-04-07,Friendly
3,Austria,5,H,3,5,W,1908-11-01,Friendly
7,England,0,H,7,0,L,1908-06-10,Friendly
0,Austria,4,A,4,0,L,1908-05-03,Friendly
2,Czech Republic,5,H,2,5,W,1908-04-05,Friendly
2,Austria,2,H,2,2,D,1909-11-07,Friendly
8,England,2,H,8,2,L,1909-05-31,Friendly
1,Austria,1,H,1,1,D,1909-05-30,Friendly
4,England,2,H,4,2,L,1909-05-29,Friendly
4,Austria,3,A,3,4,W,1909-05-02,Friendly
3,Germany,3,H,3,3,D,1909-04-04,Friendly
0,Austria,3,H,0,3,W,1910-11-06,Friendly
1,Italy,6,H,1,6,W,1910-05-26,Friendly
1,Austria,2,A,2,1,L,1910-05-01,Friendly
4,Germany,1,A,1,4,W,1911-12-17,Friendly
0,Austria,2,H,0,2,W,1911-11-05,Friendly
0,Switzerland,9,H,0,9,W,1911-10-29,Friendly
1,Austria,3,A,3,1,L,1911-05-07,Friendly
0,Switzerland,2,A,2,0,L,1911-01-08,Friendly
1,Italy,0,A,0,1,W,1911-01-06,Friendly
3,France,0,A,0,3,W,1911-01-01,Friendly
0,Austria,4,H,0,4,W,1912-11-03,Friendly
12,Russia,0,A,0,12,W,1912-07-14,Friendly
9,Russia,0,A,0,9,W,1912-07-12,Friendly
0,Austria,3,H,0,3,W,1912-07-05,Olympics
1,Germany,3,H,1,3,W,1912-07-03,Olympics
0,United Kingdom,7,A,7,0,L,1912-06-30,Olympics
6,Norway,0,A,0,6,W,1912-06-23,Friendly
2,Sweden,2,A,2,2,D,1912-06-20,Friendly
1,Austria,1,A,1,1,D,1912-05-05,Friendly
4,Germany,4,H,4,4,D,1912-04-14,Friendly
3,Austria,4,H,3,4,W,1913-10-26,Friendly
0,Sweden,2,H,0,2,W,1913-05-18,Friendly
4,Austria,1,A,1,4,W,1913-04-27,Friendly
2,Austria,1,A,1,2,W,1914-11-08,Friendly
2,Austria,2,H,2,2,D,1914-10-04,Friendly
1,Sweden,1,A,1,1,D,1914-06-21,Friendly
5,Sweden,1,A,1,5,W,1914-06-19,Friendly
1,France,5,H,1,5,W,1914-05-31,Friendly
0,Austria,2,A,2,0,L,1914-05-03,Friendly
2,Austria,6,H,2,6,W,1915-11-07,Friendly
2,Austria,4,A,4,2,L,1915-10-03,Friendly
2,Austria,1,A,1,2,W,1915-05-30,Friendly
3,Austria,3,A,3,3,D,1916-11-05,Friendly
3,Austria,2,H,3,2,L,1916-10-01,Friendly
1,Austria,2,H,1,2,W,1916-06-04,Friendly
1,Austria,3,A,3,1,L,1916-05-07,Friendly
2,Austria,1,A,1,2,W,1917-11-04,Friendly
1,Austria,2,H,1,2,W,1917-10-07,Friendly
4,Austria,1,A,1,4,W,1917-07-15,Friendly
2,Austria,6,H,2,6,W,1917-06-03,Friendly
1,Austria,1,A,1,1,D,1917-05-06,Friendly
3,Austria,0,A,0,3,W,1918-10-06,Friendly
2,Austria,0,A,0,2,W,1918-06-02,Friendly
1,Switzerland,2,H,1,2,W,1918-05-12,Friendly
0,Austria,2,H,0,2,W,1918-04-14,Friendly
2,Austria,3,H,2,3,W,1919-11-09,Friendly
0,Austria,2,A,2,0,L,1919-10-05,Friendly
1,Austria,2,H,1,2,W,1919-04-06,Friendly
2,Austria,1,H,2,1,L,1920-11-07,Friendly
0,Germany,1,A,1,0,L,1920-10-24,Friendly
2,Austria,2,A,2,2,D,1920-05-02,Friendly
0,Poland,1,H,0,1,W,1921-12-18,Friendly
2,Sweden,4,H,2,4,W,1921-11-06,Friendly
0,Germany,3,H,0,3,W,1921-06-05,Friendly
1,Austria,4,A,4,1,L,1921-04-24,Friendly
2,Austria,1,H,2,1,L,1922-11-26,Friendly
2,Austria,2,A,2,2,D,1922-09-24,Friendly
5,Finland,1,A,1,5,W,1922-07-13,Friendly
1,Sweden,1,A,1,1,D,1922-07-09,Friendly
0,Germany,0,A,0,0,D,1922-07-02,Friendly
1,Switzerland,1,H,1,1,D,1922-06-15,Friendly
3,Poland,0,A,0,3,W,1922-05-14,Friendly
1,Austria,1,H,1,1,D,1922-04-30,Friendly
1,Sweden,2,H,1,2,W,1923-10-28,Friendly
0,Austria,2,H,0,2,W,1923-09-23,Friendly
1,Finland,3,H,1,3,W,1923-08-19,Friendly
0,Austria,1,A,1,0,L,1923-05-06,Friendly
6,Switzerland,1,A,1,6,W,1923-03-11,Friendly
0,Italy,0,A,0,0,D,1923-03-04,Friendly
1,Germany,4,H,1,4,W,1924-09-21,Friendly
1,Austria,2,A,2,1,L,1924-09-14,Friendly
0,Poland,4,H,0,4,W,1924-08-31,Friendly
1,France,0,A,0,1,W,1924-06-04,Friendly
0,Egypt,3,A,3,0,L,1924-05-29,Olympics
0,Poland,5,H,0,5,W,1924-05-26,Olympics
2,Switzerland,4,A,4,2,L,1924-05-18,Friendly
2,Austria,2,H,2,2,D,1924-05-04,Friendly
1,Italy,7,H,1,7,W,1924-04-06,Friendly
1,Italy,1,H,1,1,D,1925-11-08,Friendly
0,Czechoslovakia,2,A,2,0,L,1925-10-11,Friendly
1,Spain,0,H,1,0,L,1925-10-04,Friendly
1,Austria,1,H,1,1,D,1925-09-20,Friendly
2,Poland,0,A,0,2,W,1925-07-19,Friendly
2,Sweden,6,A,6,2,L,1925-07-12,Friendly
3,Belgium,1,H,3,1,L,1925-05-21,Friendly
1,Austria,3,A,3,1,L,1925-05-05,Friendly
0,Switzerland,5,H,0,5,W,1925-03-25,Friendly
2,Italy,1,A,1,2,W,1925-01-18,Friendly
3,Portugal,3,A,3,3,D,1926-12-26,Friendly
2,Spain,4,A,4,2,L,1926-12-19,Friendly
1,Sweden,3,H,1,3,W,1926-11-14,Friendly
3,Austria,2,A,2,3,W,1926-09-19,Friendly
1,Poland,4,H,1,4,W,1926-08-20,Friendly
1,Czechoslovakia,2,H,1,2,W,1926-06-06,Friendly
3,Austria,0,H,3,0,L,1926-05-02,Friendly
2,Belgium,0,A,0,2,W,1926-02-14,Friendly
2,Czechoslovakia,1,H,2,1,L,1927-10-09,Friendly
1,Yugoslavia,5,A,5,1,L,1927-09-25,Friendly
3,Austria,5,H,3,5,W,1927-09-25,Friendly
1,France,13,H,1,13,W,1927-06-12,Friendly
1,Czechoslovakia,4,A,4,1,L,1927-04-24,Friendly
0,Yugoslavia,3,H,0,3,W,1927-04-10,Friendly
0,Austria,6,A,6,0,L,1927-04-10,Friendly
1,Switzerland,3,H,1,3,W,1928-11-01,Friendly
1,Austria,5,A,5,1,L,1928-10-07,Friendly
5,Austria,5,H,5,5,D,1928-05-06,Friendly
0,Czechoslovakia,2,H,0,2,W,1928-04-22,Friendly
1,Yugoslavia,2,H,1,2,W,1928-03-25,Friendly
3,Italy,4,A,4,3,L,1928-03-25,Friendly
1,Austria,2,H,1,2,W,1929-10-06,Friendly
1,Czechoslovakia,1,A,1,1,D,1929-09-08,Friendly
2,Austria,2,A,2,2,D,1929-05-05,Friendly
5,Switzerland,4,A,4,5,W,1929-04-14,Friendly
0,France,3,A,3,0,L,1929-02-24,Friendly
1,Czechoslovakia,1,H,1,1,D,1930-10-26,Friendly
3,Germany,5,A,5,3,L,1930-09-28,Friendly
3,Austria,2,A,2,3,W,1930-09-21,Friendly
2,Netherlands,6,H,2,6,W,1930-06-08,Friendly
1,Austria,2,H,1,2,W,1930-06-01,Friendly
5,Italy,0,H,5,0,L,1930-05-11,Friendly
1,Czechoslovakia,1,A,1,1,D,1930-05-01,Friendly
2,Switzerland,2,A,2,2,D,1930-04-13,Friendly
2,Italy,3,A,3,2,L,1931-12-13,Friendly
1,Sweden,3,H,1,3,W,1931-11-08,Friendly
2,Austria,2,H,2,2,D,1931-10-04,Friendly
0,Czechoslovakia,3,H,0,3,W,1931-09-20,Friendly
2,Yugoslavia,3,A,3,2,L,1931-05-21,Friendly
0,Austria,0,A,0,0,D,1931-05-03,Friendly
2,Switzerland,6,H,2,6,W,1931-04-12,Friendly
3,Czechoslovakia,3,A,3,3,D,1931-03-22,Friendly
2,Italy,4,A,4,2,L,1932-11-27,Friendly
1,Germany,2,H,1,2,W,1932-10-30,Friendly
3,Austria,2,H,3,2,L,1932-10-02,Friendly
1,Czechoslovakia,2,H,1,2,W,1932-09-18,Friendly
1,Switzerland,3,A,3,1,L,1932-06-19,Friendly
1,Italy,1,H,1,1,D,1932-05-08,Friendly
2,Austria,8,A,8,2,L,1932-04-24,Friendly
3,Czechoslovakia,1,A,1,3,W,1932-03-20,Friendly
0,Egypt,0,A,0,0,D,1932-02-19,Friendly
1,Italy,0,H,1,0,L,1933-10-22,Friendly
2,Austria,2,A,2,2,D,1933-10-01,Friendly
0,Switzerland,3,H,0,3,W,1933-09-17,Friendly
2,Sweden,5,A,5,2,L,1933-07-02,Friendly
1,Austria,1,H,1,1,D,1933-04-30,Friendly
0,Czechoslovakia,2,H,0,2,W,1933-03-19,Friendly
2,Netherlands,1,A,1,2,W,1933-03-05,Friendly
0,Portugal,1,A,1,0,L,1933-01-29,Friendly
4,Republic of Ireland,2,A,2,4,W,1934-12-16,Friendly
2,Italy,4,A,4,2,L,1934-12-09,Friendly
1,Austria,3,H,1,3,W,1934-10-07,Friendly
1,Austria,2,A,2,1,L,1934-05-31,World Cup
2,Egypt,4,H,2,4,W,1934-05-27,World Cup
1,England,2,H,1,2,W,1934-05-10,Friendly
1,Bulgaria,4,H,1,4,W,1934-04-29,Qualifier
2,Czechoslovakia,2,A,2,2,D,1934-04-29,Friendly
2,Austria,5,A,5,2,L,1934-04-15,Friendly
4,Bulgaria,1,A,1,4,W,1934-03-25,Qualifier
1,Germany,3,A,3,1,L,1934-01-14,Friendly
2,Italy,2,A,2,2,D,1935-11-24,Friendly
1,Switzerland,6,H,1,6,W,1935-11-10,Friendly
4,Austria,4,A,4,4,D,1935-10-06,Friendly
0,Czechoslovakia,1,H,0,1,W,1935-09-22,Friendly
0,France,2,A,2,0,L,1935-05-19,Friendly
3,Austria,6,H,3,6,W,1935-05-12,Friendly
2,Switzerland,6,A,6,2,L,1935-04-14,Friendly
3,Republic of Ireland,2,A,2,3,W,1936-12-06,Friendly
2,England,6,A,6,2,L,1936-12-02,Friendly
2,Czechoslovakia,5,A,5,2,L,1936-10-18,Friendly
2,Romania,1,A,1,2,W,1936-10-04,Friendly
3,Austria,5,H,3,5,W,1936-09-27,Friendly
2,Italy,1,H,2,1,L,1936-05-31,Friendly
3,Republic of Ireland,3,H,3,3,D,1936-05-03,Friendly
5,Austria,3,A,3,5,W,1936-04-05,Friendly
2,Germany,3,H,2,3,W,1936-03-15,Friendly
0,Switzerland,2,H,0,2,W,1937-11-14,Friendly
2,Austria,1,A,1,2,W,1937-10-10,Friendly
3,Czechoslovakia,8,H,3,8,W,1937-09-19,Friendly
2,Austria,2,H,2,2,D,1937-05-23,Friendly
1,Yugoslavia,1,H,1,1,D,1937-05-09,Friendly
0,Italy,2,A,2,0,L,1937-04-25,Friendly
5,Switzerland,1,A,1,5,W,1937-04-11,Friendly
1,Scotland,3,A,3,1,L,1938-12-07,Friendly
2,Italy,4,A,4,2,L,1938-06-19,World Cup
1,Sweden,5,H,1,5,W,1938-06-16,World Cup
0,Switzerland,2,H,0,2,W,1938-06-12,World Cup
0,Netherlands East-Indies,6,H,0,6,W,1938-06-05,World Cup
1,Greece,11,H,1,11,W,1938-03-25,Qualifier
1,Germany,1,A,1,1,D,1938-03-20,Friendly
6,Luxembourg,0,A,0,6,W,1938-01-16,Friendly
0,Portugal,4,A,4,0,L,1938-01-09,Friendly
2,Yugoslavia,0,A,0,2,W,1939-11-12,Friendly
1,Romania,1,A,1,1,D,1939-10-22,Friendly
1,Germany,5,H,1,5,W,1939-09-24,Friendly
2,Poland,4,A,4,2,L,1939-08-27,Friendly
3,Italy,1,H,3,1,L,1939-06-08,Friendly
2,Republic of Ireland,2,H,2,2,D,1939-05-18,Friendly
1,Switzerland,3,A,3,1,L,1939-04-02,Friendly
2,Republic of Ireland,2,A,2,2,D,1939-03-19,Friendly
2,France,2,A,2,2,D,1939-03-16,Friendly
2,Netherlands,3,A,3,2,L,1939-02-26,Friendly
1,Croatia,1,A,1,1,D,1940-12-08,Friendly
1,Italy,1,A,1,1,D,1940-12-01,Friendly
2,Germany,2,H,2,2,D,1940-10-06,Friendly
0,Yugoslavia,0,H,0,0,D,1940-09-29,Friendly
0,Romania,2,H,0,2,W,1940-05-19,Friendly
0,Croatia,1,H,0,1,W,1940-05-02,Friendly
2,Germany,2,A,2,2,D,1940-04-07,Friendly
0,Switzerland,3,H,0,3,W,1940-03-31,Friendly
2,Switzerland,1,A,1,2,W,1941-11-16,Friendly
0,Germany,7,A,7,0,L,1941-04-06,Friendly
1,Yugoslavia,1,A,1,1,D,1941-03-23,Friendly
0,Switzerland,3,H,0,3,W,1942-11-01,Friendly
1,Croatia,1,H,1,1,D,1942-06-14,Friendly
5,Germany,3,H,5,3,L,1942-05-03,Friendly
7,Sweden,2,H,7,2,L,1943-11-07,Friendly
3,Finland,0,A,0,3,W,1943-09-15,Friendly
3,Sweden,2,A,2,3,W,1943-09-12,Friendly
4,Bulgaria,2,A,2,4,W,1943-06-06,Friendly
3,Switzerland,1,A,1,3,W,1943-05-16,Friendly
2,Romania,7,H,2,7,W,1945-09-30,Friendly
2,Austria,5,H,2,5,W,1945-08-20,Friendly
0,Austria,2,H,0,2,W,1945-08-19,Friendly
7,Luxembourg,2,A,2,7,W,1946-10-30,Friendly
0,Austria,2,H,0,2,W,1946-10-06,Friendly
2,Austria,3,A,3,2,L,1946-04-14,Friendly
3,Romania,0,A,0,3,W,1947-10-12,Friendly
3,Austria,4,A,4,3,L,1947-09-14,Friendly
0,Albania,3,H,0,3,W,1947-08-20,Friendly
0,Bulgaria,9,H,0,9,W,1947-08-17,Friendly
3,Yugoslavia,2,A,2,3,W,1947-06-29,Friendly
2,Italy,3,A,3,2,L,1947-05-11,Friendly
2,Austria,5,H,2,5,W,1947-05-04,Friendly
0,Bulgaria,1,A,1,0,L,1948-11-07,Friendly
5,Romania,1,A,1,5,W,1948-10-24,Friendly
1,Austria,2,H,1,2,W,1948-10-03,Friendly
6,Poland,2,A,2,6,W,1948-09-19,Friendly
0,Romania,9,H,0,9,W,1948-06-06,Friendly
1,Czechoslovakia,2,H,1,2,W,1948-05-23,Friendly
0,Albania,0,A,0,0,D,1948-05-23,Friendly
2,Austria,3,A,3,2,L,1948-05-02,Friendly
4,Switzerland,7,H,4,7,W,1948-04-22,Friendly
0,Sweden,5,H,0,5,W,1949-11-20,Friendly
0,Bulgaria,5,H,0,5,W,1949-10-30,Friendly
4,Austria,3,A,3,4,W,1949-10-16,Friendly
2,Poland,8,H,2,8,W,1949-07-10,Friendly
2,Sweden,2,A,2,2,D,1949-06-19,Friendly
1,Italy,1,H,1,1,D,1949-06-12,Friendly
1,Austria,6,H,1,6,W,1949-05-08,Friendly
2,Czechoslovakia,5,A,5,2,L,1949-04-10,Friendly
1,Bulgaria,1,A,1,1,D,1950-11-12,Friendly
3,Austria,4,H,3,4,W,1950-10-29,Friendly
0,Albania,12,H,0,12,W,1950-09-24,Friendly
5,Poland,2,A,2,5,W,1950-06-04,Friendly
3,Austria,5,A,5,3,L,1950-05-14,Friendly
0,Czechoslovakia,5,H,0,5,W,1950-04-30,Friendly
0,Finland,8,H,0,8,W,1951-11-18,Friendly
2,Czechoslovakia,1,A,1,2,W,1951-10-14,Friendly
0,Poland,6,H,0,6,W,1951-05-27,Friendly
0,Czechoslovakia,5,H,0,5,W,1952-10-19,Friendly
4,Switzerland,2,A,2,4,W,1952-09-20,Friendly
2,Yugoslavia,0,A,0,2,W,1952-08-02,Olympics
0,Sweden,6,H,0,6,W,1952-07-28,Olympics
1,Turkey,7,H,1,7,W,1952-07-24,Olympics
0,Italy,3,H,0,3,W,1952-07-21,Olympics
2,Romania,1,A,1,2,W,1952-07-15,Qualifier
6,Finland,1,A,1,6,W,1952-06-22,Friendly
5,Poland,1,A,1,5,W,1952-06-15,Friendly
1,Russia,2,A,2,1,L,1952-05-27,Friendly
1,Russia,1,A,1,1,D,1952-05-24,Friendly
0,East Germany,5,H,0,5,W,1952-05-18,Friendly
6,England,3,A,3,6,W,1953-11-25,Friendly
2,Sweden,2,H,2,2,D,1953-11-15,Friendly
3,Austria,2,A,2,3,W,1953-10-11,Friendly
1,Bulgaria,1,A,1,1,D,1953-10-04,Friendly
5,Czechoslovakia,1,A,1,5,W,1953-10-04,Friendly
4,Sweden,2,A,2,4,W,1953-07-05,Friendly
3,Italy,0,A,0,3,W,1953-05-17,Friendly
1,Austria,1,H,1,1,D,1953-04-26,Friendly
4,Scotland,2,A,2,4,W,1954-12-08,Friendly
1,Austria,4,H,1,4,W,1954-11-14,Friendly
1,Czechoslovakia,4,H,1,4,W,1954-10-24,Friendly
0,Switzerland,3,H,0,3,W,1954-10-10,Friendly
1,Soviet Union,1,A,1,1,D,1954-09-26,Friendly
1,Romania,5,H,1,5,W,1954-09-19,Friendly
2,West Germany,3,A,3,2,L,1954-07-04,World Cup
2,Uruguay,4,H,2,4,W,1954-06-30,World Cup
2,Brazil,4,H,2,4,W,1954-06-27,World Cup
3,West Germany,8,H,3,8,W,1954-06-20,World Cup
0,South Korea,9,H,0,9,W,1954-06-17,World Cup
1,England,7,H,1,7,W,1954-05-23,Friendly
1,Austria,0,A,0,1,W,1954-04-11,Friendly
3,Egypt,0,A,0,3,W,1954-02-12,Friendly
0,Italy,2,H,0,2,W,1955-11-27,Friendly
2,Sweden,4,H,2,4,W,1955-11-13,Friendly
1,Austria,6,H,1,6,W,1955-10-16,Friendly
3,Czechoslovakia,1,A,1,3,W,1955-10-02,Friendly
1,Soviet Union,1,H,1,1,D,1955-09-25,Friendly
5,Switzerland,4,A,4,5,W,1955-09-17,Friendly
1,Scotland,3,H,1,3,W,1955-05-29,Friendly
9,Finland,1,A,1,9,W,1955-05-19,Friendly
6,Denmark,0,A,0,6,W,1955-05-15,Friendly
7,Sweden,3,A,3,7,W,1955-05-11,Friendly
5,Norway,0,A,0,5,W,1955-05-08,Friendly
2,Austria,2,A,2,2,D,1955-04-24,Friendly
2,Austria,0,A,0,2,W,1956-10-14,Friendly
2,France,1,A,1,2,W,1956-10-07,Friendly
1,Soviet Union,0,A,0,1,W,1956-09-23,Friendly
3,Yugoslavia,1,A,1,3,W,1956-09-16,Friendly
1,Poland,4,H,1,4,W,1956-07-15,Friendly
2,Portugal,2,A,2,2,D,1956-06-09,Friendly
4,Belgium,5,A,5,4,L,1956-06-03,Friendly
4,Czechoslovakia,2,H,4,2,L,1956-05-20,Friendly
2,Yugoslavia,2,H,2,2,D,1956-04-29,Friendly
1,Turkey,3,A,3,1,L,1956-02-19,Friendly
0,West Germany,1,A,1,0,L,1957-12-22,Friendly
0,Norway,5,H,0,5,W,1957-11-10,Qualifier
0,France,2,H,0,2,W,1957-10-06,Friendly
2,Soviet Union,1,H,2,1,L,1957-09-22,Friendly
2,Bulgaria,1,A,1,2,W,1957-09-15,Qualifier
1,Bulgaria,4,H,1,4,W,1957-06-23,Qualifier
0,Sweden,0,A,0,0,D,1957-06-16,Friendly
1,Norway,2,A,2,1,L,1957-06-12,Qualifier
1,Belgium,3,H,1,3,W,1958-11-23,Friendly
2,Romania,1,A,1,2,W,1958-10-26,Friendly
4,Yugoslavia,4,A,4,4,D,1958-10-05,Friendly
1,Soviet Union,3,A,3,1,L,1958-09-28,Qualifier
3,Poland,1,A,1,3,W,1958-09-14,Friendly
1,Wales,2,A,2,1,L,1958-06-17,World Cup
0,Mexico,4,H,0,4,W,1958-06-15,World Cup
1,Sweden,2,A,2,1,L,1958-06-12,World Cup
1,Wales,1,H,1,1,D,1958-06-08,World Cup
1,Scotland,1,A,1,1,D,1958-05-07,Friendly
0,Yugoslavia,2,H,0,2,W,1958-04-20,Friendly
1,Italy,1,A,1,1,D,1959-11-29,Friendly
3,West Germany,4,H,3,4,W,1959-11-08,Friendly
0,Switzerland,8,H,0,8,W,1959-10-25,Friendly
4,Yugoslavia,2,A,2,4,W,1959-10-11,Friendly
1,Soviet Union,0,H,1,0,L,1959-09-27,Qualifier
2,Sweden,3,H,2,3,W,1959-06-28,Friendly
1,East Germany,0,A,0,1,W,1959-05-01,Friendly
0,Yugoslavia,4,H,0,4,W,1959-04-19,Friendly
0,Austria,2,H,0,2,W,1960-11-20,Friendly
1,Poland,4,H,1,4,W,1960-11-13,Friendly
1,Belgium,2,A,2,1,L,1960-10-30,Friendly
1,Yugoslavia,1,H,1,1,D,1960-10-09,Friendly
3,Scotland,3,H,3,3,D,1960-06-05,Friendly
0,England,2,H,0,2,W,1960-05-22,Friendly
1,Uruguay,1,A,1,1,D,1961-12-23,Friendly
0,Chile,0,A,0,0,D,1961-12-13,Friendly
1,Chile,5,A,5,1,L,1961-12-09,Friendly
3,Netherlands,3,H,3,3,D,1961-10-22,Qualifier
1,Austria,2,A,2,1,L,1961-10-08,Friendly
3,East Germany,2,A,2,3,W,1961-09-10,Qualifier
2,Austria,1,H,2,1,L,1961-06-11,Friendly
2,Wales,3,H,2,3,W,1961-05-28,Friendly
4,Yugoslavia,2,A,2,4,W,1961-05-07,Friendly
3,Netherlands,0,A,0,3,W,1961-04-30,Qualifier
0,East Germany,2,H,0,2,W,1961-04-16,Qualifier
2,United Arab Republic,0,A,0,2,W,1961-02-17,Friendly
3,France,2,A,2,3,W,1962-11-11,Friendly
1,Wales,3,H,1,3,W,1962-11-07,Qualifier
0,Austria,2,H,0,2,W,1962-10-28,Friendly
1,Yugoslavia,0,H,1,0,L,1962-10-14,Friendly
2,Poland,0,A,0,2,W,1962-09-02,Friendly
2,Austria,1,A,1,2,W,1962-06-24,Friendly
0,Czechoslovakia,1,A,1,0,L,1962-06-10,World Cup
0,Argentina,0,H,0,0,D,1962-06-06,World Cup
1,Bulgaria,6,H,1,6,W,1962-06-03,World Cup
1,England,2,H,1,2,W,1962-05-31,World Cup
1,Turkey,2,H,1,2,W,1962-04-29,Friendly
1,Uruguay,1,H,1,1,D,1962-04-18,Friendly
3,East Germany,3,H,3,3,D,1963-11-03,Qualifier
1,Austria,2,H,1,2,W,1963-10-27,Friendly
2,East Germany,1,A,1,2,W,1963-10-19,Qualifier
0,Yugoslavia,2,A,2,0,L,1963-10-06,Friendly
1,Soviet Union,1,A,1,1,D,1963-09-22,Friendly
2,Czechoslovakia,2,A,2,2,D,1963-06-02,Friendly
0,Denmark,6,H,0,6,W,1963-05-19,Friendly
1,Sweden,2,A,2,1,L,1963-05-05,Friendly
1,Wales,1,A,1,1,D,1963-03-20,Qualifier
1,Yugoslavia,2,H,1,2,W,1964-10-25,Friendly
2,Czechoslovakia,2,H,2,2,D,1964-10-11,Friendly
2,Switzerland,0,A,0,2,W,1964-10-04,Friendly
1,Denmark,3,H,1,3,W,1964-06-20,European Championship
1,Spain,2,A,2,1,L,1964-06-17,European Championship
1,France,2,H,1,2,W,1964-05-23,Qualifier
0,Austria,1,A,1,0,L,1964-05-03,Friendly
3,France,1,A,1,3,W,1964-04-25,Qualifier
2,East Germany,3,H,2,3,W,1965-10-09,Qualifier
0,Austria,3,H,0,3,W,1965-09-05,Qualifier
1,Italy,2,H,1,2,W,1965-06-27,Friendly
1,Austria,0,A,0,1,W,1965-06-13,Qualifier
1,East Germany,1,A,1,1,D,1965-05-23,Qualifier
0,England,1,A,1,0,L,1965-05-05,Friendly
1,Austria,3,H,1,3,W,1966-10-30,Friendly
2,France,4,H,2,4,W,1966-09-28,Friendly
0,Denmark,6,H,0,6,W,1966-09-21,Qualifier
2,Netherlands,2,A,2,2,D,1966-09-07,Qualifier
1,Soviet Union,2,A,2,1,L,1966-07-23,World Cup
1,Bulgaria,3,H,1,3,W,1966-07-20,World Cup
1,Brazil,3,H,1,3,W,1966-07-15,World Cup
1,Portugal,3,A,3,1,L,1966-07-13,World Cup
1,Switzerland,3,H,1,3,W,1966-06-05,Friendly
0,Yugoslavia,2,A,2,0,L,1966-05-08,Friendly
1,Poland,1,A,1,1,D,1966-05-03,Friendly
0,East Germany,1,A,1,0,L,1967-10-29,Qualifier
1,East Germany,3,H,1,3,W,1967-09-27,Qualifier
3,Austria,1,A,1,3,W,1967-09-06,Friendly
2,Denmark,0,A,0,2,W,1967-05-24,Qualifier
1,Netherlands,2,H,1,2,W,1967-05-10,Qualifier
0,Yugoslavia,1,H,0,1,W,1967-04-23,Friendly
0,Soviet Union,3,A,3,0,L,1968-05-11,Qualifier
0,Soviet Union,2,H,0,2,W,1968-05-04,Qualifier
1,Czechoslovakia,4,A,4,1,L,1969-12-03,Qualifier
0,Republic of Ireland,4,H,0,4,W,1969-11-05,Qualifier
0,Denmark,3,H,0,3,W,1969-10-22,Qualifier
0,Sweden,2,A,2,0,L,1969-09-24,Friendly
3,Czechoslovakia,3,A,3,3,D,1969-09-14,Qualifier
2,Denmark,3,A,3,2,L,1969-06-15,Qualifier
2,Republic of Ireland,1,A,1,2,W,1969-06-08,Qualifier
0,Czechoslovakia,2,H,0,2,W,1969-05-25,Qualifier
1,Switzerland,0,A,0,1,W,1970-11-15,Friendly
3,Norway,1,A,1,3,W,1970-10-07,Qualifier
1,Austria,1,H,1,1,D,1970-09-27,Friendly
1,West Germany,3,A,3,1,L,1970-09-09,Friendly
2,Sweden,1,H,2,1,L,1970-05-16,Friendly
0,Poland,2,H,0,2,W,1970-05-02,Friendly
2,Yugoslavia,2,A,2,2,D,1970-04-12,Friendly
2,Malta,0,A,0,2,W,1971-11-14,Qualifier
0,Norway,4,H,0,4,W,1971-10-27,Qualifier
2,France,0,A,0,2,W,1971-10-09,Qualifier
0,Bulgaria,2,H,0,2,W,1971-09-25,Qualifier
1,Yugoslavia,2,H,1,2,W,1971-09-01,Friendly
0,Brazil,0,A,0,0,D,1971-07-22,Friendly
0,Bulgaria,3,A,3,0,L,1971-05-19,Qualifier
1,France,1,H,1,1,D,1971-04-24,Qualifier
2,Austria,0,A,0,2,W,1971-04-04,Friendly
2,Austria,2,A,2,2,D,1972-10-15,Qualifier
1,Poland,2,A,2,1,L,1972-09-10,Olympics
0,East Germany,2,H,0,2,W,1972-09-03,Olympics
0,Denmark,2,H,0,2,W,1972-08-31,Olympics
0,Iran,5,H,0,5,W,1972-08-27,Olympics
1,Belgium,2,A,2,1,L,1972-06-17,European Championship
0,Soviet Union,1,A,1,0,L,1972-06-14,European Championship
0,Sweden,0,A,0,0,D,1972-05-25,Qualifier
1,Romania,2,H,1,2,W,1972-05-17,Qualifier
2,Romania,2,A,2,2,D,1972-05-14,Qualifier
0,Malta,3,H,0,3,W,1972-05-06,Qualifier
1,Romania,1,H,1,1,D,1972-04-29,Qualifier
2,West Germany,0,H,2,0,L,1972-03-29,Friendly
0,Spain,1,A,1,0,L,1972-01-12,Friendly
1,East Germany,0,H,1,0,L,1973-11-21,Friendly
2,Denmark,2,A,2,2,D,1973-10-13,Friendly
1,Yugoslavia,1,A,1,1,D,1973-09-26,Friendly
3,Sweden,3,H,3,3,D,1973-06-13,Qualifier
1,East Germany,2,A,2,1,L,1973-05-16,Friendly
2,Austria,2,H,2,2,D,1973-04-29,Qualifier
0,Switzerland,1,H,0,1,W,1974-12-04,Friendly
0,Bulgaria,0,A,0,0,D,1974-11-10,Friendly
0,Wales,2,A,2,0,L,1974-10-30,Qualifier
4,Luxembourg,2,A,2,4,W,1974-10-13,Qualifier
0,Austria,1,A,1,0,L,1974-09-28,Friendly
2,Yugoslavia,3,H,2,3,W,1974-05-29,Friendly
0,West Germany,5,A,5,0,L,1974-04-17,Friendly
1,Bulgaria,3,H,1,3,W,1974-03-31,Friendly
1,Luxembourg,8,H,1,8,W,1975-10-19,Qualifier
1,Czechoslovakia,1,A,1,1,D,1975-10-15,Friendly
2,Poland,4,A,4,2,L,1975-10-08,Friendly
1,Austria,2,H,1,2,W,1975-09-24,Qualifier
2,Iran,1,A,1,2,W,1975-08-10,Friendly
0,Bulgaria,4,A,4,0,L,1975-06-07,Qualifier
0,Bulgaria,2,H,0,2,W,1975-05-07,Qualifier
2,Wales,1,H,2,1,L,1975-04-16,Qualifier
0,Austria,0,A,0,0,D,1975-04-02,Qualifier
0,France,2,A,2,0,L,1975-03-26,Friendly
4,Austria,2,A,2,4,W,1976-10-13,Friendly
1,Greece,1,A,1,1,D,1976-10-09,Qualifier
1,East Germany,1,A,1,1,D,1976-09-22,Friendly
1,Sweden,1,A,1,1,D,1976-09-08,Friendly
0,Austria,2,H,0,2,W,1976-06-12,Friendly
1,Soviet Union,1,H,1,1,D,1976-05-26,Friendly
0,France,1,H,0,1,W,1976-05-22,Friendly
1,Switzerland,0,A,0,1,W,1976-04-30,Friendly
0,Yugoslavia,0,A,0,0,D,1976-04-17,Friendly
0,Argentina,2,H,0,2,W,1976-03-27,Friendly
3,Bolivia,2,A,2,3,W,1977-11-30,Qualifier
1,Czechoslovakia,1,A,1,1,D,1977-11-09,Friendly
0,Bolivia,6,H,0,6,W,1977-10-29,Qualifier
0,Sweden,3,H,0,3,W,1977-10-12,Friendly
3,Yugoslavia,4,H,3,4,W,1977-10-05,Friendly
0,Greece,3,H,0,3,W,1977-05-28,Qualifier
0,Soviet Union,2,A,2,0,L,1977-05-18,Qualifier
1,Soviet Union,2,H,1,2,W,1977-04-30,Qualifier
0,Czechoslovakia,2,H,0,2,W,1977-04-20,Friendly
1,Poland,2,H,1,2,W,1977-04-13,Friendly
1,Spain,1,A,1,1,D,1977-03-27,Friendly
2,Iran,0,A,0,2,W,1977-03-15,Friendly
1,Argentina,5,A,5,1,L,1977-02-27,Friendly
1,Mexico,1,A,1,1,D,1977-02-22,Friendly
2,Peru,3,A,3,2,L,1977-02-09,Friendly
0,West Germany,0,A,0,0,D,1978-11-15,Friendly
1,Greece,4,A,4,1,L,1978-10-29,Qualifier
0,Soviet Union,2,H,0,2,W,1978-10-11,Qualifier
1,Finland,2,A,2,1,L,1978-09-20,Qualifier
1,France,3,A,3,1,L,1978-06-10,World Cup
1,Italy,3,A,3,1,L,1978-06-06,World Cup
1,Argentina,2,A,2,1,L,1978-06-02,World Cup
1,England,4,A,4,1,L,1978-05-24,Friendly
1,Czechoslovakia,2,H,1,2,W,1978-04-15,Friendly
2,USA,0,H,2,0,L,1979-10-26,Friendly
1,Finland,3,H,1,3,W,1979-10-17,Qualifier
1,Austria,3,A,3,1,L,1979-09-26,Friendly
1,Czechoslovakia,2,H,1,2,W,1979-09-12,Friendly
2,Soviet Union,2,A,2,2,D,1979-05-19,Qualifier
0,Greece,0,H,0,0,D,1979-05-02,Qualifier
1,Poland,1,A,1,1,D,1979-04-04,Friendly
0,East Germany,3,H,0,3,W,1979-03-28,Friendly
0,East Germany,2,A,2,0,L,1980-11-19,Friendly
1,Austria,3,A,3,1,L,1980-10-08,Friendly
2,Spain,2,H,2,2,D,1980-09-24,Friendly
4,Soviet Union,1,H,4,1,L,1980-08-27,Friendly
0,Sweden,2,H,0,2,W,1980-08-20,Friendly
1,Austria,1,H,1,1,D,1980-06-04,Friendly
1,Scotland,3,H,1,3,W,1980-05-31,Friendly
0,Czechoslovakia,1,A,1,0,L,1980-04-30,Friendly
1,Poland,2,H,1,2,W,1980-03-26,Friendly
0,England,1,A,1,0,L,1981-11-18,Qualifier
1,Norway,4,H,1,4,W,1981-10-31,Qualifier
0,Switzerland,3,H,0,3,W,1981-10-14,Qualifier
0,Romania,0,A,0,0,D,1981-09-23,Qualifier
3,England,1,H,3,1,L,1981-06-06,Qualifier
2,Norway,1,A,1,2,W,1981-05-20,Qualifier
0,Romania,1,H,0,1,W,1981-05-13,Qualifier
2,Switzerland,2,A,2,2,D,1981-04-28,Qualifier
3,Spain,0,A,0,3,W,1981-04-15,Friendly
0,France,1,A,1,0,L,1982-10-06,Friendly
0,Turkey,5,H,0,5,W,1982-09-22,Friendly
1,Belgium,1,A,1,1,D,1982-06-22,World Cup
1,Argentina,4,A,4,1,L,1982-06-18,World Cup
1,El Salvador,10,H,1,10,W,1982-06-15,World Cup
2,Peru,1,H,2,1,L,1982-04-18,Friendly
3,Austria,2,H,3,2,L,1982-03-24,Friendly
2,New Zealand,1,A,1,2,W,1982-02-14,Friendly
2,New Zealand,1,A,1,2,W,1982-02-11,Friendly
2,Greece,2,A,2,2,D,1983-12-03,Qualifier
0,Denmark,1,H,0,1,W,1983-10-26,Qualifier
3,England,0,H,3,0,L,1983-10-12,Qualifier
1,West Germany,1,H,1,1,D,1983-09-07,Friendly
1,Denmark,3,A,3,1,L,1983-06-01,Qualifier
3,Greece,2,H,3,2,L,1983-05-15,Qualifier
0,England,2,A,2,0,L,1983-04-27,Qualifier
2,Luxembourg,6,H,2,6,W,1983-04-17,Qualifier
0,Portugal,0,A,0,0,D,1983-04-13,Friendly
6,Luxembourg,2,A,2,6,W,1983-03-27,Qualifier
2,Cyprus,1,A,1,2,W,1984-11-17,Qualifier
2,Netherlands,1,A,1,2,W,1984-10-17,Qualifier
1,Austria,3,H,1,3,W,1984-09-26,Qualifier
2,Mexico,0,H,2,0,L,1984-08-25,Friendly
0,Switzerland,3,H,0,3,W,1984-08-22,Friendly
2,Belgium,2,A,2,2,D,1984-06-06,Friendly
1,Spain,1,H,1,1,D,1984-05-31,Friendly
0,Norway,0,H,0,0,D,1984-05-23,Friendly
6,Turkey,0,A,0,6,W,1984-04-04,Friendly
1,Yugoslavia,2,A,2,1,L,1984-03-31,Friendly
1,Spain,0,A,0,1,W,1984-01-18,Friendly
0,Mexico,2,A,2,0,L,1985-12-14,Friendly
1,Algeria,3,H,1,3,W,1985-12-12,Friendly
0,South Korea,1,H,0,1,W,1985-12-08,Friendly
3,Wales,0,A,0,3,W,1985-10-16,Friendly
1,Netherlands,0,H,1,0,L,1985-05-14,Qualifier
3,Austria,0,A,0,3,W,1985-04-17,Qualifier
0,Cyprus,2,H,0,2,W,1985-04-03,Qualifier
1,West Germany,0,A,0,1,W,1985-01-29,Friendly
1,Greece,2,A,2,1,L,1986-11-12,Qualifier
1,Netherlands,0,H,1,0,L,1986-10-15,Qualifier
0,Norway,0,A,0,0,D,1986-09-09,Friendly
3,France,0,H,3,0,L,1986-06-09,World Cup
0,Canada,2,H,0,2,W,1986-06-06,World Cup
0,Soviet Union,6,A,6,0,L,1986-06-02,World Cup
0,Brazil,3,H,0,3,W,1986-03-16,Friendly
3,Qatar,0,A,0,3,W,1986-02-02,Friendly
2,Asian All Stars,0,A,0,2,W,1986-02-01,Friendly
3,Asian All Stars,0,A,0,3,W,1986-01-30,Friendly
0,Cyprus,1,H,0,1,W,1987-12-02,Qualifier
0,West Germany,0,H,0,0,D,1987-11-18,Friendly
0,Greece,3,H,0,3,W,1987-10-14,Qualifier
2,Poland,3,A,3,2,L,1987-09-23,Qualifier
0,Scotland,2,A,2,0,L,1987-09-09,Friendly
0,East Germany,0,A,0,0,D,1987-07-28,Friendly
3,Poland,5,H,3,5,W,1987-05-17,Qualifier
0,Netherlands,2,A,2,0,L,1987-04-29,Qualifier
1,Cyprus,0,A,0,1,W,1987-02-08,Qualifier
2,Malta,2,A,2,2,D,1988-12-11,Qualifier
0,Greece,3,A,3,0,L,1988-11-15,Friendly
0,Northern Ireland,1,H,0,1,W,1988-10-19,Qualifier
3,Iceland,0,A,0,3,W,1988-09-21,Friendly
0,Austria,0,A,0,0,D,1988-08-31,Friendly
4,Austria,0,H,4,0,L,1988-05-17,Friendly
2,Denmark,2,H,2,2,D,1988-05-10,Friendly
0,Iceland,3,H,0,3,W,1988-05-04,Friendly
0,England,0,H,0,0,D,1988-04-27,Friendly
0,Belgium,3,A,3,0,L,1988-03-26,Friendly
0,Turkey,1,H,0,1,W,1988-03-16,Friendly
0,Spain,4,A,4,0,L,1989-11-15,Qualifier
1,Greece,1,H,1,1,D,1989-10-25,Friendly
2,Spain,2,H,2,2,D,1989-10-11,Qualifier
2,Northern Ireland,1,A,1,2,W,1989-09-06,Qualifier
0,Republic of Ireland,2,A,2,0,L,1989-06-04,Qualifier
0,Italy,4,A,4,0,L,1989-04-26,Friendly
1,Malta,1,H,1,1,D,1989-04-12,Qualifier
0,Switzerland,3,H,0,3,W,1989-04-04,Friendly
0,Republic of Ireland,0,H,0,0,D,1989-03-08,Qualifier
2,Cyprus,4,H,2,4,W,1990-10-31,Qualifier
1,Italy,1,H,1,1,D,1990-10-17,Qualifier
0,Norway,0,A,0,0,D,1990-10-10,Qualifier
0,England,1,A,1,0,L,1990-09-12,Friendly
1,Turkey,4,H,1,4,W,1990-09-05,Friendly
1,Colombia,3,H,1,3,W,1990-06-02,Friendly
0,United Arab Emirates,3,H,0,3,W,1990-05-28,Friendly
0,Austria,3,A,3,0,L,1990-04-11,Friendly
3,France,1,H,3,1,L,1990-03-28,Friendly
0,USA,2,H,0,2,W,1990-03-20,Friendly
1,El Salvador,1,A,1,1,D,1991-12-09,Friendly
0,Mexico,3,A,3,0,L,1991-12-05,Friendly
0,Norway,0,H,0,0,D,1991-10-30,Qualifier
2,Belgium,0,H,2,0,L,1991-10-09,Friendly
2,Soviet Union,2,A,2,2,D,1991-09-25,Qualifier
2,Republic of Ireland,1,H,2,1,L,1991-09-11,Friendly
1,Italy,3,A,3,1,L,1991-05-01,Qualifier
1,Soviet Union,0,H,1,0,L,1991-04-17,Qualifier
2,Cyprus,0,A,0,2,W,1991-04-03,Qualifier
4,Spain,2,A,2,4,W,1991-03-27,Friendly
0,Argentina,2,A,2,0,L,1991-02-19,Friendly
2,India,1,A,1,2,W,1991-01-17,Friendly
0,Greece,0,A,0,0,D,1992-11-11,Qualifier
1,Qatar,1,A,1,1,D,1992-10-13,Friendly
4,Qatar,1,A,1,4,W,1992-10-11,Friendly
0,Israel,0,H,0,0,D,1992-09-23,Friendly
3,Luxembourg,0,A,0,3,W,1992-09-09,Qualifier
1,Ukraine,2,H,1,2,W,1992-08-26,Friendly
2,Iceland,1,H,2,1,L,1992-06-03,Qualifier
1,Sweden,2,A,2,1,L,1992-05-27,Friendly
1,England,0,H,1,0,L,1992-05-12,Friendly
3,Ukraine,1,A,1,3,W,1992-04-29,Friendly
1,Austria,2,H,1,2,W,1992-03-25,Friendly
0,Luxembourg,1,H,0,1,W,1993-10-27,Qualifier
3,Russia,1,H,3,1,L,1993-09-08,Qualifier
0,Iceland,2,A,2,0,L,1993-06-16,Qualifier
4,Republic of Ireland,2,A,2,4,W,1993-05-29,Friendly
0,Russia,3,A,3,0,L,1993-04-28,Qualifier
2,Sweden,0,H,2,0,L,1993-04-15,Friendly
1,Greece,0,H,1,0,L,1993-03-31,Qualifier
0,USA,0,A,0,0,D,1993-03-10,Friendly
1,Japan,0,A,0,1,W,1993-03-07,Friendly
1,Mexico,5,A,5,1,L,1994-12-15,Friendly
0,Sweden,2,A,2,0,L,1994-11-16,Qualifier
0,Germany,0,H,0,0,D,1994-10-12,Friendly
2,Turkey,2,H,2,2,D,1994-09-07,Qualifier
1,Belgium,3,A,3,1,L,1994-06-08,Friendly
1,Netherlands,7,A,7,1,L,1994-06-01,Friendly
2,Croatia,2,H,2,2,D,1994-05-18,Friendly
2,Poland,3,A,3,2,L,1994-05-04,Friendly
1,Denmark,3,A,3,1,L,1994-04-20,Friendly
1,Slovenia,0,H,1,0,L,1994-04-06,Friendly
1,Austria,1,A,1,1,D,1994-03-23,Friendly
2,Switzerland,1,H,2,1,L,1994-03-09,Friendly
0,Iceland,1,H,0,1,W,1995-11-11,Qualifier
0,Switzerland,3,A,3,0,L,1995-10-11,Qualifier
0,Turkey,2,A,2,0,L,1995-09-06,Qualifier
2,Israel,0,H,2,0,L,1995-08-16,Friendly
1,Iceland,2,A,2,1,L,1995-06-11,Qualifier
0,Sweden,1,H,0,1,W,1995-04-26,Qualifier
2,Switzerland,2,H,2,2,D,1995-03-29,Qualifier
1,Latvia,3,H,1,3,W,1995-03-08,Friendly
3,Azerbaijan,0,A,0,3,W,1996-11-10,Qualifier
0,Norway,3,A,3,0,L,1996-10-09,Qualifier
0,Finland,1,H,0,1,W,1996-09-01,Qualifier
1,United Arab Emirates,3,H,1,3,W,1996-08-14,Friendly
2,Italy,0,H,2,0,L,1996-06-01,Friendly
0,England,3,A,3,0,L,1996-05-18,Friendly
2,Austria,0,H,2,0,L,1996-04-24,Friendly
1,Croatia,4,A,4,1,L,1996-04-10,Friendly
0,Yugoslavia,5,A,5,0,L,1997-11-15,World Cup
7,Yugoslavia,1,H,7,1,L,1997-10-29,World Cup
1,Finland,1,A,1,1,D,1997-10-11,Qualifier
1,Azerbaijan,3,H,1,3,W,1997-09-10,Qualifier
0,Poland,1,A,1,0,L,1997-09-06,Friendly
1,Switzerland,1,H,1,1,D,1997-08-20,Qualifier
0,Malta,3,H,0,3,W,1997-08-06,Friendly
1,Norway,1,H,1,1,D,1997-06-08,Qualifier
0,Switzerland,1,A,1,0,L,1997-04-30,Qualifier
3,Australia,1,H,3,1,L,1997-04-02,Friendly
4,Malta,1,A,1,4,W,1997-03-19,Friendly
0,Switzerland,2,H,0,2,W,1998-11-18,Friendly
1,Romania,1,H,1,1,D,1998-10-14,Qualifier
4,Azerbaijan,0,A,0,4,W,1998-10-10,Qualifier
3,Portugal,1,H,3,1,L,1998-09-06,Qualifier
1,Slovenia,2,H,1,2,W,1998-08-19,Friendly
0,Lithuania,1,H,0,1,W,1998-05-27,Friendly
0,FYR Macedonia,0,H,0,0,D,1998-04-22,Friendly
2,Iran,0,A,0,2,W,1998-04-20,Friendly
3,Austria,2,A,2,3,W,1998-03-25,Friendly
0,Portugal,3,A,3,0,L,1999-10-09,Qualifier
0,Azerbaijan,3,H,0,3,W,1999-09-08,Qualifier
0,Liechtenstein,0,A,0,0,D,1999-09-04,Qualifier
1,Moldova,1,H,1,1,D,1999-08-18,Friendly
1,Slovakia,0,H,1,0,L,1999-06-09,Qualifier
0,Romania,2,A,2,0,L,1999-06-05,Qualifier
1,England,1,H,1,1,D,1999-04-28,Friendly
0,Slovakia,0,A,0,0,D,1999-03-31,Qualifier
0,Liechtenstein,5,H,0,5,W,1999-03-27,Qualifier
1,Bosnia and Herzegovina,1,H,1,1,D,1999-03-10,Friendly
1,FYR Macedonia,0,A,0,1,W,2000-11-15,Friendly
6,Lithuania,1,A,1,6,W,2000-10-11,Qualifier
2,Italy,2,H,2,2,D,2000-09-03,Qualifier
1,Austria,1,H,1,1,D,2000-08-16,Friendly
1,Israel,2,H,1,2,W,2000-06-03,Friendly
2,Saudi Arabia,2,H,2,2,D,2000-05-31,Friendly
1,Northern Ireland,0,A,0,1,W,2000-04-26,Friendly
0,Poland,0,H,0,0,D,2000-03-29,Friendly
3,Australia,0,H,3,0,L,2000-02-23,Friendly
0,FYR Macedonia,5,H,0,5,W,2001-11-14,Friendly
0,Italy,1,A,1,0,L,2001-10-06,Qualifier
2,Romania,0,H,2,0,L,2001-09-05,Qualifier
1,Georgia,3,A,3,1,L,2001-09-01,Qualifier
5,Germany,2,H,5,2,L,2001-08-15,Friendly
1,Georgia,4,H,1,4,W,2001-06-06,Qualifier
0,Romania,2,A,2,0,L,2001-06-02,Qualifier
0,Finland,0,H,0,0,D,2001-04-25,Friendly
1,Lithuania,1,H,1,1,D,2001-03-24,Qualifier
1,Jordan,1,A,1,1,D,2001-03-07,Friendly
1,Bosnia and Herzegovina,1,A,1,1,D,2001-02-28,Friendly
1,Moldova,1,H,1,1,D,2002-11-20,Friendly
0,San Marino,3,H,0,3,W,2002-10-16,Qualifier
1,Sweden,1,A,1,1,D,2002-10-12,Qualifier
2,Iceland,0,A,0,2,W,2002-09-07,Friendly
1,Spain,1,H,1,1,D,2002-08-21,Friendly
2,Croatia,0,H,2,0,L,2002-05-08,Friendly
5,Belarus,2,H,5,2,L,2002-04-17,Friendly
2,Moldova,0,A,0,2,W,2002-03-27,Friendly
2,Switzerland,1,H,2,1,L,2002-02-13,Friendly
2,Czech Republic,0,H,2,0,L,2002-02-12,Friendly
1,Estonia,0,H,1,0,L,2003-11-19,Friendly
2,Poland,1,H,2,1,L,2003-10-11,Qualifier
1,Latvia,3,A,3,1,L,2003-09-10,Qualifier
1,Slovenia,2,A,2,1,L,2003-08-20,Friendly
5,San Marino,0,A,0,5,W,2003-06-11,Qualifier
1,Latvia,3,H,1,3,W,2003-06-07,Qualifier
1,Luxembourg,5,H,1,5,W,2003-04-30,Friendly
2,Sweden,1,H,2,1,L,2003-04-02,Qualifier
0,Poland,0,A,0,0,D,2003-03-29,Qualifier
0,Bulgaria,1,A,1,0,L,2003-02-12,Friendly
2,Malta,0,A,0,2,W,2004-11-17,Qualifier
0,Sweden,3,A,3,0,L,2004-10-09,Qualifier
2,Iceland,3,H,2,3,W,2004-09-08,Qualifier
0,Croatia,3,A,3,0,L,2004-09-04,Qualifier
3,Scotland,0,A,0,3,W,2004-08-18,Friendly
2,Germany,0,A,0,2,W,2004-06-06,Friendly
1,China,2,A,2,1,L,2004-06-01,Friendly
4,Brazil,1,H,4,1,L,2004-04-28,Friendly
2,Japan,3,H,2,3,W,2004-04-25,Friendly
2,Wales,1,H,2,1,L,2004-03-31,Friendly
3,Romania,0,H,3,0,L,2004-02-21,Friendly
1,Latvia,2,H,1,2,W,2004-02-19,Friendly
0,Armenia,2,H,0,2,W,2004-02-18,Friendly
0,Antigua and Barbuda,3,H,0,3,W,2005-12-18,Friendly
0,Mexico,2,A,2,0,L,2005-12-15,Friendly
1,Greece,2,A,2,1,L,2005-11-16,Friendly
0,Croatia,0,H,0,0,D,2005-10-12,Qualifier
0,Bulgaria,2,A,2,0,L,2005-10-08,Qualifier
1,Sweden,0,H,1,0,L,2005-09-07,Qualifier
0,Malta,4,H,0,4,W,2005-09-03,Qualifier
2,Argentina,1,H,2,1,L,2005-08-17,Friendly
3,Iceland,2,A,2,3,W,2005-06-04,Qualifier
1,France,2,A,2,1,L,2005-05-31,Friendly
1,Bulgaria,1,H,1,1,D,2005-03-30,Qualifier
0,Wales,2,A,2,0,L,2005-02-09,Friendly
0,Saudi Arabia,0,H,0,0,D,2005-02-02,Friendly
0,Canada,1,H,0,1,W,2006-11-15,Friendly
1,Malta,2,A,2,1,L,2006-10-11,Qualifier
1,Turkey,0,H,1,0,L,2006-10-07,Qualifier
3,Bosnia and Herzegovina,1,A,1,3,W,2006-09-06,Qualifier
4,Norway,1,H,4,1,L,2006-09-02,Qualifier
2,Austria,1,A,1,2,W,2006-08-16,Friendly
1,England,3,A,3,1,L,2006-05-30,Friendly
0,New Zealand,2,H,0,2,W,2006-05-24,Friendly
2,Greece,1,H,2,1,L,2007-11-21,Qualifier
0,Moldova,3,A,3,0,L,2007-11-17,Qualifier
1,Poland,0,A,0,1,W,2007-10-17,Friendly
0,Malta,2,H,0,2,W,2007-10-13,Qualifier
0,Turkey,3,A,3,0,L,2007-09-12,Qualifier
0,Bosnia and Herzegovina,1,H,0,1,W,2007-09-08,Qualifier
1,Italy,3,H,1,3,W,2007-08-22,Friendly
0,Norway,4,A,4,0,L,2007-06-06,Qualifier
0,Greece,2,A,2,0,L,2007-06-02,Qualifier
0,Moldova,2,H,0,2,W,2007-03-28,Qualifier
1,Montenegro,2,A,2,1,L,2007-03-24,Friendly
0,Latvia,2,H,0,2,W,2007-02-07,Friendly
1,Cyprus,2,A,2,1,L,2007-02-06,Friendly
2,Northern Ireland,0,A,0,2,W,2008-11-19,Friendly
1,Malta,0,A,0,1,W,2008-10-15,Qualifier
0,Albania,2,H,0,2,W,2008-10-11,Qualifier
1,Sweden,2,A,2,1,L,2008-09-10,Qualifier
0,Denmark,0,H,0,0,D,2008-09-06,Qualifier
3,Montenegro,3,H,3,3,D,2008-08-20,Friendly
1,Croatia,1,H,1,1,D,2008-05-31,Friendly
2,Greece,3,H,2,3,W,2008-05-24,Friendly
1,Slovenia,0,H,1,0,L,2008-03-26,Friendly
1,Slovakia,1,H,1,1,D,2008-02-06,Friendly
0,Belgium,3,A,3,0,L,2009-11-14,Friendly
1,Denmark,0,A,0,1,W,2009-10-14,Qualifier
0,Portugal,3,A,3,0,L,2009-10-10,Qualifier
1,Portugal,0,H,1,0,L,2009-09-09,Qualifier
2,Sweden,1,H,2,1,L,2009-09-05,Qualifier
1,Romania,0,H,1,0,L,2009-08-12,Friendly
0,Malta,3,H,0,3,W,2009-04-01,Qualifier
1,Albania,0,A,0,1,W,2009-03-28,Qualifier
0,Israel,1,A,1,0,L,2009-02-11,Friendly
0,Lithuania,2,H,0,2,W,2010-11-17,Friendly
2,Finland,1,A,1,2,W,2010-10-12,Qualifier
0,San Marino,8,H,0,8,W,2010-10-08,Qualifier
1,Moldova,2,H,1,2,W,2010-09-07,Qualifier
0,Sweden,2,A,2,0,L,2010-09-03,Qualifier
1,England,2,A,2,1,L,2010-08-11,Friendly
1,Netherlands,6,A,6,1,L,2010-06-05,Friendly
3,Germany,0,H,3,0,L,2010-05-29,Friendly
1,Russia,1,H,1,1,D,2010-03-03,Friendly
1,Poland,2,A,2,1,L,2011-11-15,Friendly
0,Liechtenstein,5,H,0,5,W,2011-11-11,Friendly
0,Finland,0,H,0,0,D,2011-10-11,Qualifier
2,Moldova,0,A,0,2,W,2011-09-06,Qualifier
1,Sweden,2,H,1,2,W,2011-09-02,Qualifier
0,Iceland,4,H,0,4,W,2011-08-10,Friendly
3,San Marino,0,A,0,3,W,2011-06-07,Qualifier
1,Luxembourg,0,A,0,1,W,2011-06-03,Friendly
3,Netherlands,5,A,5,3,L,2011-03-29,Qualifier
4,Netherlands,0,H,4,0,L,2011-03-25,Qualifier
2,Azerbaijan,0,A,0,2,W,2011-02-09,Friendly
2,Norway,0,H,2,0,L,2012-11-14,Friendly
1,Turkey,3,H,1,3,W,2012-10-16,Qualifier
1,Estonia,0,A,0,1,W,2012-10-12,Qualifier
4,Netherlands,1,H,4,1,L,2012-09-11,Qualifier
5,Andorra,0,A,0,5,W,2012-09-07,Qualifier
1,Israel,1,H,1,1,D,2012-08-15,Friendly
0,Republic of Ireland,0,H,0,0,D,2012-06-04,Friendly
2,Czech Republic,1,A,1,2,W,2012-06-01,Friendly
1,Bulgaria,1,H,1,1,D,2012-02-29,Friendly
0,Andorra,2,H,0,2,W,2013-10-15,Qualifier
1,Netherlands,8,A,8,1,L,2013-10-11,Qualifier
1,Estonia,5,H,1,5,W,2013-09-10,Qualifier
0,Romania,3,A,3,0,L,2013-09-06,Qualifier
1,Czech Republic,1,H,1,1,D,2013-08-14,Friendly
0,Kuwait,1,H,0,1,W,2013-06-06,Friendly
1,Turkey,1,A,1,1,D,2013-03-26,Qualifier
2,Romania,2,H,2,2,D,2013-03-22,Qualifier
1,Belarus,1,A,1,1,D,2013-02-06,Friendly
2,Russia,1,H,2,1,L,2014-11-18,Friendly
0,Finland,1,H,0,1,W,2014-11-14,Qualifier
1,Faroe Islands,0,A,0,1,W,2014-10-14,Qualifier
1,Romania,1,A,1,1,D,2014-10-11,Qualifier
2,Northern Ireland,1,H,2,1,L,2014-09-07,Qualifier
0,Kazakhstan,3,H,0,3,W,2014-06-07,Friendly
0,Albania,1,H,0,1,W,2014-06-04,Friendly
2,Denmark,2,H,2,2,D,2014-05-22,Friendly
2,Finland,1,H,2,1,L,2014-03-05,Friendly
1,Norway,2,H,1,2,W,2015-11-15,Qualifier
1,Norway,0,A,0,1,W,2015-11-12,Qualifier
3,Greece,4,A,4,3,L,2015-10-11,Qualifier
1,Faroe Islands,2,H,1,2,W,2015-10-08,Qualifier
1,Northern Ireland,1,A,1,1,D,2015-09-07,Qualifier
0,Romania,0,H,0,0,D,2015-09-04,Qualifier
1,Finland,0,A,0,1,W,2015-06-13,Qualifier
0,Lithuania,4,H,0,4,W,2015-06-05,Friendly
0,Greece,0,H,0,0,D,2015-03-29,Qualifier
2,Sweden,0,H,2,0,L,2016-11-15,Friendly
0,Andorra,4,H,0,4,W,2016-11-13,Qualifier
2,Latvia,0,A,0,2,W,2016-10-10,Qualifier
3,Switzerland,2,H,3,2,L,2016-10-07,Qualifier
0,Faroe Islands,0,A,0,0,D,2016-09-06,Qualifier
4,Belgium,0,H,4,0,L,2016-06-26,European Championship
3,Portugal,3,H,3,3,D,2016-06-22,European Championship
1,Iceland,1,A,1,1,D,2016-06-18,European Championship
2,Austria,0,A,0,2,W,2016-06-14,European Championship
0,Germany,2,A,2,0,L,2016-06-04,Friendly
0,Cote d'Ivoire,0,H,0,0,D,2016-05-20,Friendly
1,Croatia,1,H,1,1,D,2016-03-26,Friendly
